POID,SKU,Warehouse,Vendor,OrderDate,ETA,Quantity
PO-S001-YYZ-DC1-20250505,S001,YYZ-DC1,VendorB,2025-04-28,2025-05-05,131
PO-S001-YYZ-DC1-20250516,S001,YYZ-DC1,VendorB,2025-05-09,2025-05-16,95
PO-S001-YYZ-DC1-20250521,S001,YYZ-DC1,VendorA,2025-05-14,2025-05-21,70
PO-S001-YYZ-DC1-20250601,S001,YYZ-DC1,VendorB,2025-05-25,2025-06-01,54
PO-S001-YYZ-DC1-20250609,S001,YYZ-DC1,VendorB,2025-06-02,2025-06-09,81
PO-S001-YYZ-DC1-20250620,S001,YYZ-DC1,VendorA,2025-06-13,2025-06-20,57
PO-S001-YYZ-DC1-20250625,S001,YYZ-DC1,VendorB,2025-06-18,2025-06-25,115
PO-S002-YYZ-DC1-20250505,S002,YYZ-DC1,VendorB,2025-04-28,2025-05-05,83
PO-S002-YYZ-DC1-20250511,S002,YYZ-DC1,VendorC,2025-05-04,2025-05-11,83
PO-S002-YYZ-DC1-20250519,S002,YYZ-DC1,VendorC,2025-05-12,2025-05-19,63
PO-S002-YYZ-DC1-20250529,S002,YYZ-DC1,VendorC,2025-05-22,2025-05-29,91
PO-S002-YYZ-DC1-20250609,S002,YYZ-DC1,VendorA,2025-06-02,2025-06-09,51
PO-S002-YYZ-DC1-20250616,S002,YYZ-DC1,VendorB,2025-06-09,2025-06-16,21
PO-S002-YYZ-DC1-20250624,S002,YYZ-DC1,VendorA,2025-06-17,2025-06-24,106
PO-S003-YYZ-DC1-20250507,S003,YYZ-DC1,VendorB,2025-04-30,2025-05-07,111
PO-S003-YYZ-DC1-20250513,S003,YYZ-DC1,VendorA,2025-05-06,2025-05-13,78
PO-S003-YYZ-DC1-20250524,S003,YYZ-DC1,VendorB,2025-05-17,2025-05-24,110
PO-S003-YYZ-DC1-20250604,S003,YYZ-DC1,VendorC,2025-05-28,2025-06-04,78
PO-S003-YYZ-DC1-20250609,S003,YYZ-DC1,VendorB,2025-06-02,2025-06-09,52
PO-S003-YYZ-DC1-20250616,S003,YYZ-DC1,VendorB,2025-06-09,2025-06-16,46
PO-S003-YYZ-DC1-20250626,S003,YYZ-DC1,VendorA,2025-06-19,2025-06-26,100
PO-S004-YYZ-DC1-20250508,S004,YYZ-DC1,VendorC,2025-05-01,2025-05-08,57
PO-S004-YYZ-DC1-20250519,S004,YYZ-DC1,VendorA,2025-05-12,2025-05-19,117
PO-S004-YYZ-DC1-20250525,S004,YYZ-DC1,VendorB,2025-05-18,2025-05-25,103
PO-S004-YYZ-DC1-20250602,S004,YYZ-DC1,VendorB,2025-05-26,2025-06-02,60
PO-S004-YYZ-DC1-20250612,S004,YYZ-DC1,VendorC,2025-06-05,2025-06-12,102
PO-S004-YYZ-DC1-20250622,S004,YYZ-DC1,VendorA,2025-06-15,2025-06-22,96
PO-S005-YYZ-DC1-20250510,S005,YYZ-DC1,VendorC,2025-05-03,2025-05-10,107
PO-S005-YYZ-DC1-20250520,S005,YYZ-DC1,VendorC,2025-05-13,2025-05-20,88
PO-S005-YYZ-DC1-20250528,S005,YYZ-DC1,VendorB,2025-05-21,2025-05-28,107
PO-S005-YYZ-DC1-20250608,S005,YYZ-DC1,VendorB,2025-06-01,2025-06-08,109
PO-S005-YYZ-DC1-20250616,S005,YYZ-DC1,VendorC,2025-06-09,2025-06-16,77
PO-S005-YYZ-DC1-20250623,S005,YYZ-DC1,VendorA,2025-06-16,2025-06-23,127
PO-S005-YYZ-DC1-20250629,S005,YYZ-DC1,VendorA,2025-06-22,2025-06-29,118
PO-S006-YYZ-DC1-20250511,S006,YYZ-DC1,VendorA,2025-05-04,2025-05-11,99
PO-S006-YYZ-DC1-20250518,S006,YYZ-DC1,VendorC,2025-05-11,2025-05-18,77
PO-S006-YYZ-DC1-20250524,S006,YYZ-DC1,VendorC,2025-05-17,2025-05-24,98
PO-S006-YYZ-DC1-20250530,S006,YYZ-DC1,VendorC,2025-05-23,2025-05-30,74
PO-S006-YYZ-DC1-20250608,S006,YYZ-DC1,VendorB,2025-06-01,2025-06-08,82
PO-S006-YYZ-DC1-20250619,S006,YYZ-DC1,VendorC,2025-06-12,2025-06-19,122
PO-S006-YYZ-DC1-20250629,S006,YYZ-DC1,VendorB,2025-06-22,2025-06-29,48
PO-S007-YYZ-DC1-20250507,S007,YYZ-DC1,VendorC,2025-04-30,2025-05-07,66
PO-S007-YYZ-DC1-20250512,S007,YYZ-DC1,VendorB,2025-05-05,2025-05-12,66
PO-S007-YYZ-DC1-20250520,S007,YYZ-DC1,VendorB,2025-05-13,2025-05-20,60
PO-S007-YYZ-DC1-20250529,S007,YYZ-DC1,VendorA,2025-05-22,2025-05-29,83
PO-S007-YYZ-DC1-20250604,S007,YYZ-DC1,VendorA,2025-05-28,2025-06-04,122
PO-S007-YYZ-DC1-20250613,S007,YYZ-DC1,VendorC,2025-06-06,2025-06-13,94
PO-S007-YYZ-DC1-20250618,S007,YYZ-DC1,VendorB,2025-06-11,2025-06-18,145
PO-S007-YYZ-DC1-20250627,S007,YYZ-DC1,VendorB,2025-06-20,2025-06-27,104
PO-S008-YYZ-DC1-20250508,S008,YYZ-DC1,VendorB,2025-05-01,2025-05-08,78
PO-S008-YYZ-DC1-20250519,S008,YYZ-DC1,VendorC,2025-05-12,2025-05-19,94
PO-S008-YYZ-DC1-20250530,S008,YYZ-DC1,VendorC,2025-05-23,2025-05-30,70
PO-S008-YYZ-DC1-20250607,S008,YYZ-DC1,VendorC,2025-05-31,2025-06-07,45
PO-S008-YYZ-DC1-20250614,S008,YYZ-DC1,VendorA,2025-06-07,2025-06-14,83
PO-S008-YYZ-DC1-20250622,S008,YYZ-DC1,VendorA,2025-06-15,2025-06-22,84
PO-S008-YYZ-DC1-20250627,S008,YYZ-DC1,VendorC,2025-06-20,2025-06-27,91
PO-S009-YYZ-DC1-20250509,S009,YYZ-DC1,VendorC,2025-05-02,2025-05-09,65
PO-S009-YYZ-DC1-20250518,S009,YYZ-DC1,VendorC,2025-05-11,2025-05-18,51
PO-S009-YYZ-DC1-20250524,S009,YYZ-DC1,VendorB,2025-05-17,2025-05-24,96
PO-S009-YYZ-DC1-20250530,S009,YYZ-DC1,VendorC,2025-05-23,2025-05-30,106
PO-S009-YYZ-DC1-20250604,S009,YYZ-DC1,VendorA,2025-05-28,2025-06-04,56
PO-S009-YYZ-DC1-20250609,S009,YYZ-DC1,VendorB,2025-06-02,2025-06-09,55
PO-S009-YYZ-DC1-20250618,S009,YYZ-DC1,VendorB,2025-06-11,2025-06-18,66
PO-S009-YYZ-DC1-20250625,S009,YYZ-DC1,VendorB,2025-06-18,2025-06-25,134
PO-S010-YYZ-DC1-20250506,S010,YYZ-DC1,VendorB,2025-04-29,2025-05-06,58
PO-S010-YYZ-DC1-20250512,S010,YYZ-DC1,VendorA,2025-05-05,2025-05-12,69
PO-S010-YYZ-DC1-20250517,S010,YYZ-DC1,VendorB,2025-05-10,2025-05-17,84
PO-S010-YYZ-DC1-20250525,S010,YYZ-DC1,VendorB,2025-05-18,2025-05-25,68
PO-S010-YYZ-DC1-20250603,S010,YYZ-DC1,VendorC,2025-05-27,2025-06-03,75
PO-S010-YYZ-DC1-20250610,S010,YYZ-DC1,VendorA,2025-06-03,2025-06-10,54
PO-S010-YYZ-DC1-20250619,S010,YYZ-DC1,VendorA,2025-06-12,2025-06-19,97
PO-S010-YYZ-DC1-20250626,S010,YYZ-DC1,VendorB,2025-06-19,2025-06-26,69
PO-S011-YYZ-DC1-20250505,S011,YYZ-DC1,VendorC,2025-04-28,2025-05-05,60
PO-S011-YYZ-DC1-20250516,S011,YYZ-DC1,VendorB,2025-05-09,2025-05-16,74
PO-S011-YYZ-DC1-20250525,S011,YYZ-DC1,VendorC,2025-05-18,2025-05-25,116
PO-S011-YYZ-DC1-20250605,S011,YYZ-DC1,VendorC,2025-05-29,2025-06-05,21
PO-S011-YYZ-DC1-20250616,S011,YYZ-DC1,VendorC,2025-06-09,2025-06-16,99
PO-S011-YYZ-DC1-20250627,S011,YYZ-DC1,VendorA,2025-06-20,2025-06-27,104
PO-S012-YYZ-DC1-20250511,S012,YYZ-DC1,VendorA,2025-05-04,2025-05-11,60
PO-S012-YYZ-DC1-20250517,S012,YYZ-DC1,VendorB,2025-05-10,2025-05-17,14
PO-S012-YYZ-DC1-20250524,S012,YYZ-DC1,VendorB,2025-05-17,2025-05-24,42
PO-S012-YYZ-DC1-20250604,S012,YYZ-DC1,VendorA,2025-05-28,2025-06-04,97
PO-S012-YYZ-DC1-20250612,S012,YYZ-DC1,VendorC,2025-06-05,2025-06-12,43
PO-S012-YYZ-DC1-20250623,S012,YYZ-DC1,VendorC,2025-06-16,2025-06-23,35
PO-S012-YYZ-DC1-20250628,S012,YYZ-DC1,VendorC,2025-06-21,2025-06-28,69
PO-S013-YYZ-DC1-20250507,S013,YYZ-DC1,VendorC,2025-04-30,2025-05-07,126
PO-S013-YYZ-DC1-20250518,S013,YYZ-DC1,VendorB,2025-05-11,2025-05-18,87
PO-S013-YYZ-DC1-20250525,S013,YYZ-DC1,VendorC,2025-05-18,2025-05-25,85
PO-S013-YYZ-DC1-20250601,S013,YYZ-DC1,VendorC,2025-05-25,2025-06-01,41
PO-S013-YYZ-DC1-20250612,S013,YYZ-DC1,VendorA,2025-06-05,2025-06-12,85
PO-S013-YYZ-DC1-20250617,S013,YYZ-DC1,VendorC,2025-06-10,2025-06-17,61
PO-S013-YYZ-DC1-20250622,S013,YYZ-DC1,VendorC,2025-06-15,2025-06-22,60
PO-S013-YYZ-DC1-20250627,S013,YYZ-DC1,VendorB,2025-06-20,2025-06-27,67
PO-S014-YYZ-DC1-20250506,S014,YYZ-DC1,VendorB,2025-04-29,2025-05-06,62
PO-S014-YYZ-DC1-20250517,S014,YYZ-DC1,VendorB,2025-05-10,2025-05-17,56
PO-S014-YYZ-DC1-20250528,S014,YYZ-DC1,VendorC,2025-05-21,2025-05-28,62
PO-S014-YYZ-DC1-20250604,S014,YYZ-DC1,VendorC,2025-05-28,2025-06-04,56
PO-S014-YYZ-DC1-20250613,S014,YYZ-DC1,VendorB,2025-06-06,2025-06-13,143
PO-S014-YYZ-DC1-20250618,S014,YYZ-DC1,VendorC,2025-06-11,2025-06-18,74
PO-S014-YYZ-DC1-20250625,S014,YYZ-DC1,VendorB,2025-06-18,2025-06-25,116
PO-S015-YYZ-DC1-20250508,S015,YYZ-DC1,VendorA,2025-05-01,2025-05-08,114
PO-S015-YYZ-DC1-20250513,S015,YYZ-DC1,VendorC,2025-05-06,2025-05-13,69
PO-S015-YYZ-DC1-20250521,S015,YYZ-DC1,VendorB,2025-05-14,2025-05-21,61
PO-S015-YYZ-DC1-20250601,S015,YYZ-DC1,VendorA,2025-05-25,2025-06-01,53
PO-S015-YYZ-DC1-20250610,S015,YYZ-DC1,VendorB,2025-06-03,2025-06-10,92
PO-S015-YYZ-DC1-20250621,S015,YYZ-DC1,VendorA,2025-06-14,2025-06-21,61
PO-S015-YYZ-DC1-20250628,S015,YYZ-DC1,VendorA,2025-06-21,2025-06-28,51
PO-S016-YYZ-DC1-20250505,S016,YYZ-DC1,VendorC,2025-04-28,2025-05-05,79
PO-S016-YYZ-DC1-20250515,S016,YYZ-DC1,VendorB,2025-05-08,2025-05-15,88
PO-S016-YYZ-DC1-20250520,S016,YYZ-DC1,VendorA,2025-05-13,2025-05-20,94
PO-S016-YYZ-DC1-20250526,S016,YYZ-DC1,VendorC,2025-05-19,2025-05-26,88
PO-S016-YYZ-DC1-20250604,S016,YYZ-DC1,VendorC,2025-05-28,2025-06-04,96
PO-S016-YYZ-DC1-20250615,S016,YYZ-DC1,VendorC,2025-06-08,2025-06-15,63
PO-S016-YYZ-DC1-20250622,S016,YYZ-DC1,VendorB,2025-06-15,2025-06-22,68
PO-S016-YYZ-DC1-20250629,S016,YYZ-DC1,VendorC,2025-06-22,2025-06-29,108
PO-S017-YYZ-DC1-20250509,S017,YYZ-DC1,VendorA,2025-05-02,2025-05-09,93
PO-S017-YYZ-DC1-20250517,S017,YYZ-DC1,VendorC,2025-05-10,2025-05-17,7
PO-S017-YYZ-DC1-20250524,S017,YYZ-DC1,VendorC,2025-05-17,2025-05-24,118
PO-S017-YYZ-DC1-20250530,S017,YYZ-DC1,VendorB,2025-05-23,2025-05-30,52
PO-S017-YYZ-DC1-20250610,S017,YYZ-DC1,VendorB,2025-06-03,2025-06-10,105
PO-S017-YYZ-DC1-20250619,S017,YYZ-DC1,VendorC,2025-06-12,2025-06-19,76
PO-S017-YYZ-DC1-20250625,S017,YYZ-DC1,VendorA,2025-06-18,2025-06-25,67
PO-S018-YYZ-DC1-20250505,S018,YYZ-DC1,VendorC,2025-04-28,2025-05-05,62
PO-S018-YYZ-DC1-20250512,S018,YYZ-DC1,VendorB,2025-05-05,2025-05-12,106
PO-S018-YYZ-DC1-20250521,S018,YYZ-DC1,VendorC,2025-05-14,2025-05-21,36
PO-S018-YYZ-DC1-20250528,S018,YYZ-DC1,VendorA,2025-05-21,2025-05-28,45
PO-S018-YYZ-DC1-20250604,S018,YYZ-DC1,VendorB,2025-05-28,2025-06-04,39
PO-S018-YYZ-DC1-20250614,S018,YYZ-DC1,VendorC,2025-06-07,2025-06-14,54
PO-S018-YYZ-DC1-20250622,S018,YYZ-DC1,VendorB,2025-06-15,2025-06-22,94
PO-S018-YYZ-DC1-20250629,S018,YYZ-DC1,VendorB,2025-06-22,2025-06-29,102
PO-S019-YYZ-DC1-20250506,S019,YYZ-DC1,VendorB,2025-04-29,2025-05-06,69
PO-S019-YYZ-DC1-20250517,S019,YYZ-DC1,VendorC,2025-05-10,2025-05-17,83
PO-S019-YYZ-DC1-20250526,S019,YYZ-DC1,VendorA,2025-05-19,2025-05-26,92
PO-S019-YYZ-DC1-20250601,S019,YYZ-DC1,VendorC,2025-05-25,2025-06-01,74
PO-S019-YYZ-DC1-20250611,S019,YYZ-DC1,VendorC,2025-06-04,2025-06-11,67
PO-S019-YYZ-DC1-20250617,S019,YYZ-DC1,VendorA,2025-06-10,2025-06-17,80
PO-S019-YYZ-DC1-20250628,S019,YYZ-DC1,VendorA,2025-06-21,2025-06-28,60
PO-S020-YYZ-DC1-20250506,S020,YYZ-DC1,VendorC,2025-04-29,2025-05-06,79
PO-S020-YYZ-DC1-20250516,S020,YYZ-DC1,VendorB,2025-05-09,2025-05-16,132
PO-S020-YYZ-DC1-20250523,S020,YYZ-DC1,VendorB,2025-05-16,2025-05-23,68
PO-S020-YYZ-DC1-20250601,S020,YYZ-DC1,VendorB,2025-05-25,2025-06-01,84
PO-S020-YYZ-DC1-20250612,S020,YYZ-DC1,VendorA,2025-06-05,2025-06-12,98
PO-S020-YYZ-DC1-20250621,S020,YYZ-DC1,VendorB,2025-06-14,2025-06-21,87
PO-S021-YYZ-DC1-20250506,S021,YYZ-DC1,VendorB,2025-04-29,2025-05-06,97
PO-S021-YYZ-DC1-20250517,S021,YYZ-DC1,VendorB,2025-05-10,2025-05-17,73
PO-S021-YYZ-DC1-20250522,S021,YYZ-DC1,VendorC,2025-05-15,2025-05-22,87
PO-S021-YYZ-DC1-20250531,S021,YYZ-DC1,VendorA,2025-05-24,2025-05-31,63
PO-S021-YYZ-DC1-20250609,S021,YYZ-DC1,VendorB,2025-06-02,2025-06-09,43
PO-S021-YYZ-DC1-20250619,S021,YYZ-DC1,VendorC,2025-06-12,2025-06-19,66
PO-S021-YYZ-DC1-20250626,S021,YYZ-DC1,VendorC,2025-06-19,2025-06-26,84
PO-S022-YYZ-DC1-20250507,S022,YYZ-DC1,VendorA,2025-04-30,2025-05-07,86
PO-S022-YYZ-DC1-20250513,S022,YYZ-DC1,VendorC,2025-05-06,2025-05-13,68
PO-S022-YYZ-DC1-20250522,S022,YYZ-DC1,VendorB,2025-05-15,2025-05-22,80
PO-S022-YYZ-DC1-20250601,S022,YYZ-DC1,VendorC,2025-05-25,2025-06-01,76
PO-S022-YYZ-DC1-20250607,S022,YYZ-DC1,VendorB,2025-05-31,2025-06-07,52
PO-S022-YYZ-DC1-20250616,S022,YYZ-DC1,VendorC,2025-06-09,2025-06-16,112
PO-S022-YYZ-DC1-20250624,S022,YYZ-DC1,VendorA,2025-06-17,2025-06-24,85
PO-S023-YYZ-DC1-20250507,S023,YYZ-DC1,VendorB,2025-04-30,2025-05-07,51
PO-S023-YYZ-DC1-20250514,S023,YYZ-DC1,VendorC,2025-05-07,2025-05-14,69
PO-S023-YYZ-DC1-20250525,S023,YYZ-DC1,VendorA,2025-05-18,2025-05-25,85
PO-S023-YYZ-DC1-20250602,S023,YYZ-DC1,VendorC,2025-05-26,2025-06-02,45
PO-S023-YYZ-DC1-20250611,S023,YYZ-DC1,VendorC,2025-06-04,2025-06-11,61
PO-S023-YYZ-DC1-20250619,S023,YYZ-DC1,VendorB,2025-06-12,2025-06-19,87
PO-S023-YYZ-DC1-20250627,S023,YYZ-DC1,VendorB,2025-06-20,2025-06-27,80
PO-S024-YYZ-DC1-20250509,S024,YYZ-DC1,VendorC,2025-05-02,2025-05-09,81
PO-S024-YYZ-DC1-20250520,S024,YYZ-DC1,VendorA,2025-05-13,2025-05-20,83
PO-S024-YYZ-DC1-20250531,S024,YYZ-DC1,VendorB,2025-05-24,2025-05-31,91
PO-S024-YYZ-DC1-20250609,S024,YYZ-DC1,VendorC,2025-06-02,2025-06-09,93
PO-S024-YYZ-DC1-20250619,S024,YYZ-DC1,VendorA,2025-06-12,2025-06-19,38
PO-S024-YYZ-DC1-20250624,S024,YYZ-DC1,VendorB,2025-06-17,2025-06-24,30
PO-S025-YYZ-DC1-20250510,S025,YYZ-DC1,VendorB,2025-05-03,2025-05-10,79
PO-S025-YYZ-DC1-20250520,S025,YYZ-DC1,VendorA,2025-05-13,2025-05-20,54
PO-S025-YYZ-DC1-20250526,S025,YYZ-DC1,VendorC,2025-05-19,2025-05-26,97
PO-S025-YYZ-DC1-20250605,S025,YYZ-DC1,VendorC,2025-05-29,2025-06-05,99
PO-S025-YYZ-DC1-20250616,S025,YYZ-DC1,VendorA,2025-06-09,2025-06-16,62
PO-S025-YYZ-DC1-20250621,S025,YYZ-DC1,VendorA,2025-06-14,2025-06-21,113
PO-S025-YYZ-DC1-20250628,S025,YYZ-DC1,VendorC,2025-06-21,2025-06-28,103
PO-S026-YYZ-DC1-20250507,S026,YYZ-DC1,VendorB,2025-04-30,2025-05-07,105
PO-S026-YYZ-DC1-20250516,S026,YYZ-DC1,VendorB,2025-05-09,2025-05-16,91
PO-S026-YYZ-DC1-20250522,S026,YYZ-DC1,VendorA,2025-05-15,2025-05-22,12
PO-S026-YYZ-DC1-20250527,S026,YYZ-DC1,VendorA,2025-05-20,2025-05-27,52
PO-S026-YYZ-DC1-20250601,S026,YYZ-DC1,VendorA,2025-05-25,2025-06-01,118
PO-S026-YYZ-DC1-20250610,S026,YYZ-DC1,VendorC,2025-06-03,2025-06-10,93
PO-S026-YYZ-DC1-20250619,S026,YYZ-DC1,VendorA,2025-06-12,2025-06-19,94
PO-S026-YYZ-DC1-20250629,S026,YYZ-DC1,VendorC,2025-06-22,2025-06-29,61
PO-S027-YYZ-DC1-20250511,S027,YYZ-DC1,VendorA,2025-05-04,2025-05-11,66
PO-S027-YYZ-DC1-20250516,S027,YYZ-DC1,VendorA,2025-05-09,2025-05-16,65
PO-S027-YYZ-DC1-20250526,S027,YYZ-DC1,VendorC,2025-05-19,2025-05-26,83
PO-S027-YYZ-DC1-20250602,S027,YYZ-DC1,VendorA,2025-05-26,2025-06-02,46
PO-S027-YYZ-DC1-20250607,S027,YYZ-DC1,VendorB,2025-05-31,2025-06-07,54
PO-S027-YYZ-DC1-20250614,S027,YYZ-DC1,VendorC,2025-06-07,2025-06-14,77
PO-S027-YYZ-DC1-20250623,S027,YYZ-DC1,VendorB,2025-06-16,2025-06-23,52
PO-S028-YYZ-DC1-20250506,S028,YYZ-DC1,VendorA,2025-04-29,2025-05-06,67
PO-S028-YYZ-DC1-20250512,S028,YYZ-DC1,VendorC,2025-05-05,2025-05-12,60
PO-S028-YYZ-DC1-20250521,S028,YYZ-DC1,VendorC,2025-05-14,2025-05-21,52
PO-S028-YYZ-DC1-20250531,S028,YYZ-DC1,VendorB,2025-05-24,2025-05-31,132
PO-S028-YYZ-DC1-20250610,S028,YYZ-DC1,VendorB,2025-06-03,2025-06-10,129
PO-S028-YYZ-DC1-20250617,S028,YYZ-DC1,VendorB,2025-06-10,2025-06-17,79
PO-S028-YYZ-DC1-20250622,S028,YYZ-DC1,VendorA,2025-06-15,2025-06-22,56
PO-S029-YYZ-DC1-20250511,S029,YYZ-DC1,VendorA,2025-05-04,2025-05-11,115
PO-S029-YYZ-DC1-20250521,S029,YYZ-DC1,VendorC,2025-05-14,2025-05-21,56
PO-S029-YYZ-DC1-20250528,S029,YYZ-DC1,VendorB,2025-05-21,2025-05-28,73
PO-S029-YYZ-DC1-20250605,S029,YYZ-DC1,VendorA,2025-05-29,2025-06-05,88
PO-S029-YYZ-DC1-20250614,S029,YYZ-DC1,VendorB,2025-06-07,2025-06-14,63
PO-S029-YYZ-DC1-20250623,S029,YYZ-DC1,VendorA,2025-06-16,2025-06-23,89
PO-S030-YYZ-DC1-20250510,S030,YYZ-DC1,VendorC,2025-05-03,2025-05-10,97
PO-S030-YYZ-DC1-20250517,S030,YYZ-DC1,VendorA,2025-05-10,2025-05-17,61
PO-S030-YYZ-DC1-20250522,S030,YYZ-DC1,VendorA,2025-05-15,2025-05-22,74
PO-S030-YYZ-DC1-20250531,S030,YYZ-DC1,VendorA,2025-05-24,2025-05-31,59
PO-S030-YYZ-DC1-20250606,S030,YYZ-DC1,VendorC,2025-05-30,2025-06-06,55
PO-S030-YYZ-DC1-20250613,S030,YYZ-DC1,VendorA,2025-06-06,2025-06-13,48
PO-S030-YYZ-DC1-20250624,S030,YYZ-DC1,VendorA,2025-06-17,2025-06-24,83
PO-S031-YYZ-DC1-20250508,S031,YYZ-DC1,VendorC,2025-05-01,2025-05-08,69
PO-S031-YYZ-DC1-20250518,S031,YYZ-DC1,VendorC,2025-05-11,2025-05-18,61
PO-S031-YYZ-DC1-20250528,S031,YYZ-DC1,VendorA,2025-05-21,2025-05-28,82
PO-S031-YYZ-DC1-20250606,S031,YYZ-DC1,VendorC,2025-05-30,2025-06-06,74
PO-S031-YYZ-DC1-20250617,S031,YYZ-DC1,VendorB,2025-06-10,2025-06-17,108
PO-S031-YYZ-DC1-20250622,S031,YYZ-DC1,VendorB,2025-06-15,2025-06-22,75
PO-S032-YYZ-DC1-20250507,S032,YYZ-DC1,VendorB,2025-04-30,2025-05-07,82
PO-S032-YYZ-DC1-20250517,S032,YYZ-DC1,VendorA,2025-05-10,2025-05-17,100
PO-S032-YYZ-DC1-20250524,S032,YYZ-DC1,VendorB,2025-05-17,2025-05-24,99
PO-S032-YYZ-DC1-20250604,S032,YYZ-DC1,VendorB,2025-05-28,2025-06-04,122
PO-S032-YYZ-DC1-20250611,S032,YYZ-DC1,VendorB,2025-06-04,2025-06-11,92
PO-S032-YYZ-DC1-20250620,S032,YYZ-DC1,VendorC,2025-06-13,2025-06-20,101
PO-S032-YYZ-DC1-20250625,S032,YYZ-DC1,VendorB,2025-06-18,2025-06-25,60
PO-S033-YYZ-DC1-20250509,S033,YYZ-DC1,VendorC,2025-05-02,2025-05-09,109
PO-S033-YYZ-DC1-20250518,S033,YYZ-DC1,VendorA,2025-05-11,2025-05-18,93
PO-S033-YYZ-DC1-20250524,S033,YYZ-DC1,VendorB,2025-05-17,2025-05-24,100
PO-S033-YYZ-DC1-20250530,S033,YYZ-DC1,VendorA,2025-05-23,2025-05-30,76
PO-S033-YYZ-DC1-20250607,S033,YYZ-DC1,VendorC,2025-05-31,2025-06-07,125
PO-S033-YYZ-DC1-20250618,S033,YYZ-DC1,VendorB,2025-06-11,2025-06-18,92
PO-S033-YYZ-DC1-20250626,S033,YYZ-DC1,VendorA,2025-06-19,2025-06-26,93
PO-S034-YYZ-DC1-20250510,S034,YYZ-DC1,VendorA,2025-05-03,2025-05-10,75
PO-S034-YYZ-DC1-20250516,S034,YYZ-DC1,VendorA,2025-05-09,2025-05-16,70
PO-S034-YYZ-DC1-20250524,S034,YYZ-DC1,VendorB,2025-05-17,2025-05-24,46
PO-S034-YYZ-DC1-20250530,S034,YYZ-DC1,VendorA,2025-05-23,2025-05-30,68
PO-S034-YYZ-DC1-20250606,S034,YYZ-DC1,VendorA,2025-05-30,2025-06-06,98
PO-S034-YYZ-DC1-20250615,S034,YYZ-DC1,VendorA,2025-06-08,2025-06-15,83
PO-S034-YYZ-DC1-20250626,S034,YYZ-DC1,VendorA,2025-06-19,2025-06-26,117
PO-S035-YYZ-DC1-20250508,S035,YYZ-DC1,VendorB,2025-05-01,2025-05-08,118
PO-S035-YYZ-DC1-20250516,S035,YYZ-DC1,VendorC,2025-05-09,2025-05-16,62
PO-S035-YYZ-DC1-20250521,S035,YYZ-DC1,VendorB,2025-05-14,2025-05-21,129
PO-S035-YYZ-DC1-20250528,S035,YYZ-DC1,VendorC,2025-05-21,2025-05-28,91
PO-S035-YYZ-DC1-20250608,S035,YYZ-DC1,VendorA,2025-06-01,2025-06-08,99
PO-S035-YYZ-DC1-20250619,S035,YYZ-DC1,VendorA,2025-06-12,2025-06-19,111
PO-S035-YYZ-DC1-20250627,S035,YYZ-DC1,VendorA,2025-06-20,2025-06-27,103
PO-S036-YYZ-DC1-20250509,S036,YYZ-DC1,VendorB,2025-05-02,2025-05-09,100
PO-S036-YYZ-DC1-20250516,S036,YYZ-DC1,VendorC,2025-05-09,2025-05-16,84
PO-S036-YYZ-DC1-20250523,S036,YYZ-DC1,VendorA,2025-05-16,2025-05-23,92
PO-S036-YYZ-DC1-20250528,S036,YYZ-DC1,VendorA,2025-05-21,2025-05-28,55
PO-S036-YYZ-DC1-20250602,S036,YYZ-DC1,VendorC,2025-05-26,2025-06-02,61
PO-S036-YYZ-DC1-20250609,S036,YYZ-DC1,VendorA,2025-06-02,2025-06-09,88
PO-S036-YYZ-DC1-20250618,S036,YYZ-DC1,VendorB,2025-06-11,2025-06-18,17
PO-S036-YYZ-DC1-20250624,S036,YYZ-DC1,VendorB,2025-06-17,2025-06-24,114
PO-S037-YYZ-DC1-20250505,S037,YYZ-DC1,VendorC,2025-04-28,2025-05-05,87
PO-S037-YYZ-DC1-20250516,S037,YYZ-DC1,VendorC,2025-05-09,2025-05-16,59
PO-S037-YYZ-DC1-20250525,S037,YYZ-DC1,VendorA,2025-05-18,2025-05-25,82
PO-S037-YYZ-DC1-20250602,S037,YYZ-DC1,VendorC,2025-05-26,2025-06-02,99
PO-S037-YYZ-DC1-20250609,S037,YYZ-DC1,VendorA,2025-06-02,2025-06-09,100
PO-S037-YYZ-DC1-20250615,S037,YYZ-DC1,VendorC,2025-06-08,2025-06-15,60
PO-S037-YYZ-DC1-20250623,S037,YYZ-DC1,VendorA,2025-06-16,2025-06-23,49
PO-S037-YYZ-DC1-20250628,S037,YYZ-DC1,VendorC,2025-06-21,2025-06-28,101
PO-S038-YYZ-DC1-20250511,S038,YYZ-DC1,VendorB,2025-05-04,2025-05-11,34
PO-S038-YYZ-DC1-20250520,S038,YYZ-DC1,VendorB,2025-05-13,2025-05-20,100
PO-S038-YYZ-DC1-20250528,S038,YYZ-DC1,VendorC,2025-05-21,2025-05-28,80
PO-S038-YYZ-DC1-20250603,S038,YYZ-DC1,VendorC,2025-05-27,2025-06-03,129
PO-S038-YYZ-DC1-20250608,S038,YYZ-DC1,VendorC,2025-06-01,2025-06-08,91
PO-S038-YYZ-DC1-20250615,S038,YYZ-DC1,VendorA,2025-06-08,2025-06-15,106
PO-S038-YYZ-DC1-20250626,S038,YYZ-DC1,VendorB,2025-06-19,2025-06-26,59
PO-S039-YYZ-DC1-20250508,S039,YYZ-DC1,VendorA,2025-05-01,2025-05-08,81
PO-S039-YYZ-DC1-20250518,S039,YYZ-DC1,VendorC,2025-05-11,2025-05-18,83
PO-S039-YYZ-DC1-20250523,S039,YYZ-DC1,VendorC,2025-05-16,2025-05-23,75
PO-S039-YYZ-DC1-20250603,S039,YYZ-DC1,VendorC,2025-05-27,2025-06-03,58
PO-S039-YYZ-DC1-20250613,S039,YYZ-DC1,VendorC,2025-06-06,2025-06-13,46
PO-S039-YYZ-DC1-20250619,S039,YYZ-DC1,VendorA,2025-06-12,2025-06-19,102
PO-S040-YYZ-DC1-20250506,S040,YYZ-DC1,VendorB,2025-04-29,2025-05-06,71
PO-S040-YYZ-DC1-20250512,S040,YYZ-DC1,VendorA,2025-05-05,2025-05-12,95
PO-S040-YYZ-DC1-20250521,S040,YYZ-DC1,VendorC,2025-05-14,2025-05-21,60
PO-S040-YYZ-DC1-20250530,S040,YYZ-DC1,VendorB,2025-05-23,2025-05-30,113
PO-S040-YYZ-DC1-20250608,S040,YYZ-DC1,VendorA,2025-06-01,2025-06-08,71
PO-S040-YYZ-DC1-20250616,S040,YYZ-DC1,VendorB,2025-06-09,2025-06-16,69
PO-S040-YYZ-DC1-20250621,S040,YYZ-DC1,VendorA,2025-06-14,2025-06-21,132
PO-S001-OTT-DC2-20250506,S001,OTT-DC2,VendorB,2025-04-29,2025-05-06,89
PO-S001-OTT-DC2-20250513,S001,OTT-DC2,VendorA,2025-05-06,2025-05-13,115
PO-S001-OTT-DC2-20250523,S001,OTT-DC2,VendorA,2025-05-16,2025-05-23,46
PO-S001-OTT-DC2-20250529,S001,OTT-DC2,VendorA,2025-05-22,2025-05-29,105
PO-S001-OTT-DC2-20250607,S001,OTT-DC2,VendorC,2025-05-31,2025-06-07,111
PO-S001-OTT-DC2-20250615,S001,OTT-DC2,VendorC,2025-06-08,2025-06-15,35
PO-S001-OTT-DC2-20250625,S001,OTT-DC2,VendorB,2025-06-18,2025-06-25,114
PO-S002-OTT-DC2-20250505,S002,OTT-DC2,VendorB,2025-04-28,2025-05-05,43
PO-S002-OTT-DC2-20250515,S002,OTT-DC2,VendorC,2025-05-08,2025-05-15,111
PO-S002-OTT-DC2-20250522,S002,OTT-DC2,VendorC,2025-05-15,2025-05-22,73
PO-S002-OTT-DC2-20250601,S002,OTT-DC2,VendorB,2025-05-25,2025-06-01,62
PO-S002-OTT-DC2-20250607,S002,OTT-DC2,VendorC,2025-05-31,2025-06-07,129
PO-S002-OTT-DC2-20250614,S002,OTT-DC2,VendorA,2025-06-07,2025-06-14,79
PO-S002-OTT-DC2-20250625,S002,OTT-DC2,VendorB,2025-06-18,2025-06-25,105
PO-S003-OTT-DC2-20250508,S003,OTT-DC2,VendorB,2025-05-01,2025-05-08,76
PO-S003-OTT-DC2-20250517,S003,OTT-DC2,VendorC,2025-05-10,2025-05-17,42
PO-S003-OTT-DC2-20250525,S003,OTT-DC2,VendorA,2025-05-18,2025-05-25,89
PO-S003-OTT-DC2-20250603,S003,OTT-DC2,VendorA,2025-05-27,2025-06-03,46
PO-S003-OTT-DC2-20250614,S003,OTT-DC2,VendorC,2025-06-07,2025-06-14,70
PO-S003-OTT-DC2-20250621,S003,OTT-DC2,VendorA,2025-06-14,2025-06-21,61
PO-S004-OTT-DC2-20250510,S004,OTT-DC2,VendorA,2025-05-03,2025-05-10,99
PO-S004-OTT-DC2-20250515,S004,OTT-DC2,VendorC,2025-05-08,2025-05-15,87
PO-S004-OTT-DC2-20250521,S004,OTT-DC2,VendorB,2025-05-14,2025-05-21,86
PO-S004-OTT-DC2-20250601,S004,OTT-DC2,VendorA,2025-05-25,2025-06-01,71
PO-S004-OTT-DC2-20250612,S004,OTT-DC2,VendorA,2025-06-05,2025-06-12,80
PO-S004-OTT-DC2-20250622,S004,OTT-DC2,VendorC,2025-06-15,2025-06-22,89
PO-S004-OTT-DC2-20250629,S004,OTT-DC2,VendorA,2025-06-22,2025-06-29,55
PO-S005-OTT-DC2-20250505,S005,OTT-DC2,VendorB,2025-04-28,2025-05-05,82
PO-S005-OTT-DC2-20250511,S005,OTT-DC2,VendorA,2025-05-04,2025-05-11,104
PO-S005-OTT-DC2-20250516,S005,OTT-DC2,VendorC,2025-05-09,2025-05-16,63
PO-S005-OTT-DC2-20250521,S005,OTT-DC2,VendorB,2025-05-14,2025-05-21,119
PO-S005-OTT-DC2-20250528,S005,OTT-DC2,VendorA,2025-05-21,2025-05-28,110
PO-S005-OTT-DC2-20250607,S005,OTT-DC2,VendorC,2025-05-31,2025-06-07,91
PO-S005-OTT-DC2-20250612,S005,OTT-DC2,VendorA,2025-06-05,2025-06-12,96
PO-S005-OTT-DC2-20250619,S005,OTT-DC2,VendorB,2025-06-12,2025-06-19,75
PO-S005-OTT-DC2-20250624,S005,OTT-DC2,VendorA,2025-06-17,2025-06-24,68
PO-S006-OTT-DC2-20250510,S006,OTT-DC2,VendorC,2025-05-03,2025-05-10,44
PO-S006-OTT-DC2-20250518,S006,OTT-DC2,VendorA,2025-05-11,2025-05-18,58
PO-S006-OTT-DC2-20250527,S006,OTT-DC2,VendorB,2025-05-20,2025-05-27,91
PO-S006-OTT-DC2-20250601,S006,OTT-DC2,VendorB,2025-05-25,2025-06-01,68
PO-S006-OTT-DC2-20250608,S006,OTT-DC2,VendorC,2025-06-01,2025-06-08,64
PO-S006-OTT-DC2-20250616,S006,OTT-DC2,VendorC,2025-06-09,2025-06-16,92
PO-S006-OTT-DC2-20250621,S006,OTT-DC2,VendorC,2025-06-14,2025-06-21,89
PO-S007-OTT-DC2-20250510,S007,OTT-DC2,VendorC,2025-05-03,2025-05-10,83
PO-S007-OTT-DC2-20250520,S007,OTT-DC2,VendorC,2025-05-13,2025-05-20,88
PO-S007-OTT-DC2-20250528,S007,OTT-DC2,VendorB,2025-05-21,2025-05-28,93
PO-S007-OTT-DC2-20250605,S007,OTT-DC2,VendorB,2025-05-29,2025-06-05,82
PO-S007-OTT-DC2-20250612,S007,OTT-DC2,VendorA,2025-06-05,2025-06-12,134
PO-S007-OTT-DC2-20250621,S007,OTT-DC2,VendorC,2025-06-14,2025-06-21,74
PO-S007-OTT-DC2-20250627,S007,OTT-DC2,VendorC,2025-06-20,2025-06-27,34
PO-S008-OTT-DC2-20250511,S008,OTT-DC2,VendorC,2025-05-04,2025-05-11,67
PO-S008-OTT-DC2-20250517,S008,OTT-DC2,VendorB,2025-05-10,2025-05-17,69
PO-S008-OTT-DC2-20250526,S008,OTT-DC2,VendorC,2025-05-19,2025-05-26,75
PO-S008-OTT-DC2-20250531,S008,OTT-DC2,VendorB,2025-05-24,2025-05-31,112
PO-S008-OTT-DC2-20250608,S008,OTT-DC2,VendorA,2025-06-01,2025-06-08,52
PO-S008-OTT-DC2-20250619,S008,OTT-DC2,VendorC,2025-06-12,2025-06-19,71
PO-S008-OTT-DC2-20250625,S008,OTT-DC2,VendorB,2025-06-18,2025-06-25,109
PO-S009-OTT-DC2-20250510,S009,OTT-DC2,VendorB,2025-05-03,2025-05-10,93
PO-S009-OTT-DC2-20250519,S009,OTT-DC2,VendorB,2025-05-12,2025-05-19,102
PO-S009-OTT-DC2-20250526,S009,OTT-DC2,VendorB,2025-05-19,2025-05-26,69
PO-S009-OTT-DC2-20250601,S009,OTT-DC2,VendorB,2025-05-25,2025-06-01,54
PO-S009-OTT-DC2-20250610,S009,OTT-DC2,VendorC,2025-06-03,2025-06-10,30
PO-S009-OTT-DC2-20250621,S009,OTT-DC2,VendorA,2025-06-14,2025-06-21,78
PO-S009-OTT-DC2-20250626,S009,OTT-DC2,VendorA,2025-06-19,2025-06-26,48
PO-S010-OTT-DC2-20250511,S010,OTT-DC2,VendorB,2025-05-04,2025-05-11,52
PO-S010-OTT-DC2-20250516,S010,OTT-DC2,VendorB,2025-05-09,2025-05-16,87
PO-S010-OTT-DC2-20250526,S010,OTT-DC2,VendorB,2025-05-19,2025-05-26,100
PO-S010-OTT-DC2-20250604,S010,OTT-DC2,VendorA,2025-05-28,2025-06-04,87
PO-S010-OTT-DC2-20250615,S010,OTT-DC2,VendorB,2025-06-08,2025-06-15,67
PO-S010-OTT-DC2-20250625,S010,OTT-DC2,VendorA,2025-06-18,2025-06-25,88
PO-S011-OTT-DC2-20250509,S011,OTT-DC2,VendorA,2025-05-02,2025-05-09,85
PO-S011-OTT-DC2-20250515,S011,OTT-DC2,VendorA,2025-05-08,2025-05-15,79
PO-S011-OTT-DC2-20250521,S011,OTT-DC2,VendorC,2025-05-14,2025-05-21,98
PO-S011-OTT-DC2-20250601,S011,OTT-DC2,VendorC,2025-05-25,2025-06-01,67
PO-S011-OTT-DC2-20250611,S011,OTT-DC2,VendorC,2025-06-04,2025-06-11,82
PO-S011-OTT-DC2-20250618,S011,OTT-DC2,VendorB,2025-06-11,2025-06-18,84
PO-S011-OTT-DC2-20250624,S011,OTT-DC2,VendorC,2025-06-17,2025-06-24,53
PO-S012-OTT-DC2-20250510,S012,OTT-DC2,VendorB,2025-05-03,2025-05-10,72
PO-S012-OTT-DC2-20250518,S012,OTT-DC2,VendorB,2025-05-11,2025-05-18,81
PO-S012-OTT-DC2-20250523,S012,OTT-DC2,VendorA,2025-05-16,2025-05-23,126
PO-S012-OTT-DC2-20250603,S012,OTT-DC2,VendorC,2025-05-27,2025-06-03,43
PO-S012-OTT-DC2-20250610,S012,OTT-DC2,VendorA,2025-06-03,2025-06-10,80
PO-S012-OTT-DC2-20250618,S012,OTT-DC2,VendorB,2025-06-11,2025-06-18,122
PO-S012-OTT-DC2-20250629,S012,OTT-DC2,VendorC,2025-06-22,2025-06-29,91
PO-S013-OTT-DC2-20250509,S013,OTT-DC2,VendorB,2025-05-02,2025-05-09,65
PO-S013-OTT-DC2-20250519,S013,OTT-DC2,VendorC,2025-05-12,2025-05-19,65
PO-S013-OTT-DC2-20250527,S013,OTT-DC2,VendorC,2025-05-20,2025-05-27,86
PO-S013-OTT-DC2-20250601,S013,OTT-DC2,VendorA,2025-05-25,2025-06-01,150
PO-S013-OTT-DC2-20250608,S013,OTT-DC2,VendorC,2025-06-01,2025-06-08,111
PO-S013-OTT-DC2-20250614,S013,OTT-DC2,VendorC,2025-06-07,2025-06-14,84
PO-S013-OTT-DC2-20250623,S013,OTT-DC2,VendorA,2025-06-16,2025-06-23,57
PO-S014-OTT-DC2-20250505,S014,OTT-DC2,VendorB,2025-04-28,2025-05-05,121
PO-S014-OTT-DC2-20250514,S014,OTT-DC2,VendorA,2025-05-07,2025-05-14,58
PO-S014-OTT-DC2-20250522,S014,OTT-DC2,VendorB,2025-05-15,2025-05-22,82
PO-S014-OTT-DC2-20250531,S014,OTT-DC2,VendorB,2025-05-24,2025-05-31,77
PO-S014-OTT-DC2-20250608,S014,OTT-DC2,VendorC,2025-06-01,2025-06-08,62
PO-S014-OTT-DC2-20250614,S014,OTT-DC2,VendorA,2025-06-07,2025-06-14,127
PO-S014-OTT-DC2-20250622,S014,OTT-DC2,VendorC,2025-06-15,2025-06-22,84
PO-S015-OTT-DC2-20250505,S015,OTT-DC2,VendorC,2025-04-28,2025-05-05,98
PO-S015-OTT-DC2-20250514,S015,OTT-DC2,VendorB,2025-05-07,2025-05-14,99
PO-S015-OTT-DC2-20250525,S015,OTT-DC2,VendorB,2025-05-18,2025-05-25,87
PO-S015-OTT-DC2-20250601,S015,OTT-DC2,VendorC,2025-05-25,2025-06-01,106
PO-S015-OTT-DC2-20250610,S015,OTT-DC2,VendorB,2025-06-03,2025-06-10,86
PO-S015-OTT-DC2-20250621,S015,OTT-DC2,VendorB,2025-06-14,2025-06-21,5
PO-S016-OTT-DC2-20250511,S016,OTT-DC2,VendorA,2025-05-04,2025-05-11,98
PO-S016-OTT-DC2-20250517,S016,OTT-DC2,VendorB,2025-05-10,2025-05-17,82
PO-S016-OTT-DC2-20250524,S016,OTT-DC2,VendorC,2025-05-17,2025-05-24,131
PO-S016-OTT-DC2-20250602,S016,OTT-DC2,VendorC,2025-05-26,2025-06-02,82
PO-S016-OTT-DC2-20250613,S016,OTT-DC2,VendorA,2025-06-06,2025-06-13,99
PO-S016-OTT-DC2-20250624,S016,OTT-DC2,VendorA,2025-06-17,2025-06-24,65
PO-S017-OTT-DC2-20250507,S017,OTT-DC2,VendorA,2025-04-30,2025-05-07,72
PO-S017-OTT-DC2-20250516,S017,OTT-DC2,VendorC,2025-05-09,2025-05-16,82
PO-S017-OTT-DC2-20250522,S017,OTT-DC2,VendorC,2025-05-15,2025-05-22,56
PO-S017-OTT-DC2-20250601,S017,OTT-DC2,VendorA,2025-05-25,2025-06-01,76
PO-S017-OTT-DC2-20250608,S017,OTT-DC2,VendorB,2025-06-01,2025-06-08,93
PO-S017-OTT-DC2-20250619,S017,OTT-DC2,VendorB,2025-06-12,2025-06-19,88
PO-S017-OTT-DC2-20250624,S017,OTT-DC2,VendorA,2025-06-17,2025-06-24,57
PO-S018-OTT-DC2-20250507,S018,OTT-DC2,VendorC,2025-04-30,2025-05-07,70
PO-S018-OTT-DC2-20250512,S018,OTT-DC2,VendorB,2025-05-05,2025-05-12,102
PO-S018-OTT-DC2-20250520,S018,OTT-DC2,VendorA,2025-05-13,2025-05-20,89
PO-S018-OTT-DC2-20250531,S018,OTT-DC2,VendorC,2025-05-24,2025-05-31,97
PO-S018-OTT-DC2-20250610,S018,OTT-DC2,VendorA,2025-06-03,2025-06-10,91
PO-S018-OTT-DC2-20250620,S018,OTT-DC2,VendorB,2025-06-13,2025-06-20,83
PO-S018-OTT-DC2-20250625,S018,OTT-DC2,VendorA,2025-06-18,2025-06-25,64
PO-S019-OTT-DC2-20250511,S019,OTT-DC2,VendorA,2025-05-04,2025-05-11,82
PO-S019-OTT-DC2-20250517,S019,OTT-DC2,VendorB,2025-05-10,2025-05-17,109
PO-S019-OTT-DC2-20250523,S019,OTT-DC2,VendorA,2025-05-16,2025-05-23,90
PO-S019-OTT-DC2-20250530,S019,OTT-DC2,VendorC,2025-05-23,2025-05-30,49
PO-S019-OTT-DC2-20250604,S019,OTT-DC2,VendorC,2025-05-28,2025-06-04,92
PO-S019-OTT-DC2-20250615,S019,OTT-DC2,VendorB,2025-06-08,2025-06-15,57
PO-S019-OTT-DC2-20250621,S019,OTT-DC2,VendorC,2025-06-14,2025-06-21,68
PO-S019-OTT-DC2-20250629,S019,OTT-DC2,VendorB,2025-06-22,2025-06-29,49
PO-S020-OTT-DC2-20250505,S020,OTT-DC2,VendorC,2025-04-28,2025-05-05,84
PO-S020-OTT-DC2-20250511,S020,OTT-DC2,VendorB,2025-05-04,2025-05-11,64
PO-S020-OTT-DC2-20250517,S020,OTT-DC2,VendorC,2025-05-10,2025-05-17,74
PO-S020-OTT-DC2-20250525,S020,OTT-DC2,VendorC,2025-05-18,2025-05-25,115
PO-S020-OTT-DC2-20250605,S020,OTT-DC2,VendorB,2025-05-29,2025-06-05,71
PO-S020-OTT-DC2-20250613,S020,OTT-DC2,VendorA,2025-06-06,2025-06-13,69
PO-S020-OTT-DC2-20250621,S020,OTT-DC2,VendorC,2025-06-14,2025-06-21,73
PO-S021-OTT-DC2-20250507,S021,OTT-DC2,VendorB,2025-04-30,2025-05-07,74
PO-S021-OTT-DC2-20250514,S021,OTT-DC2,VendorA,2025-05-07,2025-05-14,82
PO-S021-OTT-DC2-20250521,S021,OTT-DC2,VendorA,2025-05-14,2025-05-21,128
PO-S021-OTT-DC2-20250531,S021,OTT-DC2,VendorB,2025-05-24,2025-05-31,69
PO-S021-OTT-DC2-20250605,S021,OTT-DC2,VendorC,2025-05-29,2025-06-05,62
PO-S021-OTT-DC2-20250612,S021,OTT-DC2,VendorB,2025-06-05,2025-06-12,84
PO-S021-OTT-DC2-20250618,S021,OTT-DC2,VendorC,2025-06-11,2025-06-18,87
PO-S021-OTT-DC2-20250629,S021,OTT-DC2,VendorC,2025-06-22,2025-06-29,80
PO-S022-OTT-DC2-20250507,S022,OTT-DC2,VendorB,2025-04-30,2025-05-07,59
PO-S022-OTT-DC2-20250518,S022,OTT-DC2,VendorC,2025-05-11,2025-05-18,123
PO-S022-OTT-DC2-20250525,S022,OTT-DC2,VendorC,2025-05-18,2025-05-25,40
PO-S022-OTT-DC2-20250601,S022,OTT-DC2,VendorB,2025-05-25,2025-06-01,82
PO-S022-OTT-DC2-20250607,S022,OTT-DC2,VendorA,2025-05-31,2025-06-07,98
PO-S022-OTT-DC2-20250612,S022,OTT-DC2,VendorA,2025-06-05,2025-06-12,86
PO-S022-OTT-DC2-20250621,S022,OTT-DC2,VendorB,2025-06-14,2025-06-21,70
PO-S022-OTT-DC2-20250628,S022,OTT-DC2,VendorA,2025-06-21,2025-06-28,69
PO-S023-OTT-DC2-20250510,S023,OTT-DC2,VendorA,2025-05-03,2025-05-10,89
PO-S023-OTT-DC2-20250517,S023,OTT-DC2,VendorB,2025-05-10,2025-05-17,121
PO-S023-OTT-DC2-20250526,S023,OTT-DC2,VendorA,2025-05-19,2025-05-26,39
PO-S023-OTT-DC2-20250605,S023,OTT-DC2,VendorB,2025-05-29,2025-06-05,60
PO-S023-OTT-DC2-20250612,S023,OTT-DC2,VendorA,2025-06-05,2025-06-12,86
PO-S023-OTT-DC2-20250621,S023,OTT-DC2,VendorB,2025-06-14,2025-06-21,115
PO-S024-OTT-DC2-20250510,S024,OTT-DC2,VendorC,2025-05-03,2025-05-10,75
PO-S024-OTT-DC2-20250518,S024,OTT-DC2,VendorA,2025-05-11,2025-05-18,79
PO-S024-OTT-DC2-20250525,S024,OTT-DC2,VendorB,2025-05-18,2025-05-25,4
PO-S024-OTT-DC2-20250605,S024,OTT-DC2,VendorB,2025-05-29,2025-06-05,41
PO-S024-OTT-DC2-20250616,S024,OTT-DC2,VendorB,2025-06-09,2025-06-16,118
PO-S024-OTT-DC2-20250622,S024,OTT-DC2,VendorC,2025-06-15,2025-06-22,108
PO-S025-OTT-DC2-20250507,S025,OTT-DC2,VendorA,2025-04-30,2025-05-07,61
PO-S025-OTT-DC2-20250517,S025,OTT-DC2,VendorC,2025-05-10,2025-05-17,86
PO-S025-OTT-DC2-20250523,S025,OTT-DC2,VendorA,2025-05-16,2025-05-23,60
PO-S025-OTT-DC2-20250530,S025,OTT-DC2,VendorC,2025-05-23,2025-05-30,85
PO-S025-OTT-DC2-20250607,S025,OTT-DC2,VendorA,2025-05-31,2025-06-07,87
PO-S025-OTT-DC2-20250615,S025,OTT-DC2,VendorA,2025-06-08,2025-06-15,39
PO-S025-OTT-DC2-20250624,S025,OTT-DC2,VendorB,2025-06-17,2025-06-24,26
PO-S026-OTT-DC2-20250508,S026,OTT-DC2,VendorA,2025-05-01,2025-05-08,72
PO-S026-OTT-DC2-20250513,S026,OTT-DC2,VendorA,2025-05-06,2025-05-13,97
PO-S026-OTT-DC2-20250521,S026,OTT-DC2,VendorA,2025-05-14,2025-05-21,52
PO-S026-OTT-DC2-20250526,S026,OTT-DC2,VendorA,2025-05-19,2025-05-26,96
PO-S026-OTT-DC2-20250603,S026,OTT-DC2,VendorC,2025-05-27,2025-06-03,119
PO-S026-OTT-DC2-20250609,S026,OTT-DC2,VendorB,2025-06-02,2025-06-09,60
PO-S026-OTT-DC2-20250616,S026,OTT-DC2,VendorC,2025-06-09,2025-06-16,78
PO-S026-OTT-DC2-20250625,S026,OTT-DC2,VendorC,2025-06-18,2025-06-25,39
PO-S027-OTT-DC2-20250510,S027,OTT-DC2,VendorA,2025-05-03,2025-05-10,101
PO-S027-OTT-DC2-20250521,S027,OTT-DC2,VendorA,2025-05-14,2025-05-21,51
PO-S027-OTT-DC2-20250528,S027,OTT-DC2,VendorC,2025-05-21,2025-05-28,83
PO-S027-OTT-DC2-20250605,S027,OTT-DC2,VendorC,2025-05-29,2025-06-05,8
PO-S027-OTT-DC2-20250614,S027,OTT-DC2,VendorC,2025-06-07,2025-06-14,79
PO-S027-OTT-DC2-20250624,S027,OTT-DC2,VendorC,2025-06-17,2025-06-24,100
PO-S028-OTT-DC2-20250510,S028,OTT-DC2,VendorC,2025-05-03,2025-05-10,123
PO-S028-OTT-DC2-20250519,S028,OTT-DC2,VendorA,2025-05-12,2025-05-19,103
PO-S028-OTT-DC2-20250526,S028,OTT-DC2,VendorC,2025-05-19,2025-05-26,84
PO-S028-OTT-DC2-20250603,S028,OTT-DC2,VendorA,2025-05-27,2025-06-03,99
PO-S028-OTT-DC2-20250614,S028,OTT-DC2,VendorA,2025-06-07,2025-06-14,53
PO-S028-OTT-DC2-20250620,S028,OTT-DC2,VendorB,2025-06-13,2025-06-20,63
PO-S028-OTT-DC2-20250627,S028,OTT-DC2,VendorC,2025-06-20,2025-06-27,140
PO-S029-OTT-DC2-20250506,S029,OTT-DC2,VendorA,2025-04-29,2025-05-06,102
PO-S029-OTT-DC2-20250513,S029,OTT-DC2,VendorC,2025-05-06,2025-05-13,85
PO-S029-OTT-DC2-20250520,S029,OTT-DC2,VendorA,2025-05-13,2025-05-20,82
PO-S029-OTT-DC2-20250530,S029,OTT-DC2,VendorC,2025-05-23,2025-05-30,58
PO-S029-OTT-DC2-20250609,S029,OTT-DC2,VendorC,2025-06-02,2025-06-09,93
PO-S029-OTT-DC2-20250615,S029,OTT-DC2,VendorA,2025-06-08,2025-06-15,84
PO-S029-OTT-DC2-20250620,S029,OTT-DC2,VendorB,2025-06-13,2025-06-20,81
PO-S029-OTT-DC2-20250625,S029,OTT-DC2,VendorB,2025-06-18,2025-06-25,112
PO-S030-OTT-DC2-20250508,S030,OTT-DC2,VendorB,2025-05-01,2025-05-08,39
PO-S030-OTT-DC2-20250515,S030,OTT-DC2,VendorB,2025-05-08,2025-05-15,69
PO-S030-OTT-DC2-20250523,S030,OTT-DC2,VendorB,2025-05-16,2025-05-23,125
PO-S030-OTT-DC2-20250602,S030,OTT-DC2,VendorA,2025-05-26,2025-06-02,65
PO-S030-OTT-DC2-20250609,S030,OTT-DC2,VendorA,2025-06-02,2025-06-09,110
PO-S030-OTT-DC2-20250618,S030,OTT-DC2,VendorA,2025-06-11,2025-06-18,52
PO-S030-OTT-DC2-20250625,S030,OTT-DC2,VendorA,2025-06-18,2025-06-25,37
PO-S031-OTT-DC2-20250510,S031,OTT-DC2,VendorA,2025-05-03,2025-05-10,114
PO-S031-OTT-DC2-20250516,S031,OTT-DC2,VendorC,2025-05-09,2025-05-16,107
PO-S031-OTT-DC2-20250523,S031,OTT-DC2,VendorA,2025-05-16,2025-05-23,133
PO-S031-OTT-DC2-20250530,S031,OTT-DC2,VendorB,2025-05-23,2025-05-30,86
PO-S031-OTT-DC2-20250606,S031,OTT-DC2,VendorC,2025-05-30,2025-06-06,55
PO-S031-OTT-DC2-20250617,S031,OTT-DC2,VendorB,2025-06-10,2025-06-17,95
PO-S031-OTT-DC2-20250627,S031,OTT-DC2,VendorA,2025-06-20,2025-06-27,81
PO-S032-OTT-DC2-20250508,S032,OTT-DC2,VendorC,2025-05-01,2025-05-08,87
PO-S032-OTT-DC2-20250513,S032,OTT-DC2,VendorC,2025-05-06,2025-05-13,86
PO-S032-OTT-DC2-20250523,S032,OTT-DC2,VendorA,2025-05-16,2025-05-23,95
PO-S032-OTT-DC2-20250528,S032,OTT-DC2,VendorA,2025-05-21,2025-05-28,61
PO-S032-OTT-DC2-20250606,S032,OTT-DC2,VendorA,2025-05-30,2025-06-06,92
PO-S032-OTT-DC2-20250613,S032,OTT-DC2,VendorA,2025-06-06,2025-06-13,107
PO-S032-OTT-DC2-20250624,S032,OTT-DC2,VendorC,2025-06-17,2025-06-24,77
PO-S033-OTT-DC2-20250508,S033,OTT-DC2,VendorB,2025-05-01,2025-05-08,73
PO-S033-OTT-DC2-20250519,S033,OTT-DC2,VendorB,2025-05-12,2025-05-19,68
PO-S033-OTT-DC2-20250530,S033,OTT-DC2,VendorB,2025-05-23,2025-05-30,101
PO-S033-OTT-DC2-20250605,S033,OTT-DC2,VendorB,2025-05-29,2025-06-05,87
PO-S033-OTT-DC2-20250615,S033,OTT-DC2,VendorC,2025-06-08,2025-06-15,56
PO-S033-OTT-DC2-20250625,S033,OTT-DC2,VendorC,2025-06-18,2025-06-25,99
PO-S034-OTT-DC2-20250509,S034,OTT-DC2,VendorB,2025-05-02,2025-05-09,62
PO-S034-OTT-DC2-20250519,S034,OTT-DC2,VendorB,2025-05-12,2025-05-19,54
PO-S034-OTT-DC2-20250530,S034,OTT-DC2,VendorB,2025-05-23,2025-05-30,54
PO-S034-OTT-DC2-20250607,S034,OTT-DC2,VendorA,2025-05-31,2025-06-07,135
PO-S034-OTT-DC2-20250612,S034,OTT-DC2,VendorA,2025-06-05,2025-06-12,55
PO-S034-OTT-DC2-20250621,S034,OTT-DC2,VendorB,2025-06-14,2025-06-21,99
PO-S034-OTT-DC2-20250629,S034,OTT-DC2,VendorC,2025-06-22,2025-06-29,43
PO-S035-OTT-DC2-20250509,S035,OTT-DC2,VendorC,2025-05-02,2025-05-09,77
PO-S035-OTT-DC2-20250519,S035,OTT-DC2,VendorB,2025-05-12,2025-05-19,71
PO-S035-OTT-DC2-20250525,S035,OTT-DC2,VendorA,2025-05-18,2025-05-25,83
PO-S035-OTT-DC2-20250604,S035,OTT-DC2,VendorC,2025-05-28,2025-06-04,86
PO-S035-OTT-DC2-20250612,S035,OTT-DC2,VendorB,2025-06-05,2025-06-12,77
PO-S035-OTT-DC2-20250621,S035,OTT-DC2,VendorA,2025-06-14,2025-06-21,66
PO-S036-OTT-DC2-20250509,S036,OTT-DC2,VendorC,2025-05-02,2025-05-09,103
PO-S036-OTT-DC2-20250514,S036,OTT-DC2,VendorA,2025-05-07,2025-05-14,115
PO-S036-OTT-DC2-20250521,S036,OTT-DC2,VendorB,2025-05-14,2025-05-21,88
PO-S036-OTT-DC2-20250601,S036,OTT-DC2,VendorA,2025-05-25,2025-06-01,63
PO-S036-OTT-DC2-20250608,S036,OTT-DC2,VendorC,2025-06-01,2025-06-08,41
PO-S036-OTT-DC2-20250613,S036,OTT-DC2,VendorA,2025-06-06,2025-06-13,114
PO-S036-OTT-DC2-20250621,S036,OTT-DC2,VendorA,2025-06-14,2025-06-21,71
PO-S037-OTT-DC2-20250511,S037,OTT-DC2,VendorB,2025-05-04,2025-05-11,89
PO-S037-OTT-DC2-20250517,S037,OTT-DC2,VendorB,2025-05-10,2025-05-17,123
PO-S037-OTT-DC2-20250527,S037,OTT-DC2,VendorA,2025-05-20,2025-05-27,38
PO-S037-OTT-DC2-20250603,S037,OTT-DC2,VendorB,2025-05-27,2025-06-03,80
PO-S037-OTT-DC2-20250612,S037,OTT-DC2,VendorC,2025-06-05,2025-06-12,101
PO-S037-OTT-DC2-20250623,S037,OTT-DC2,VendorA,2025-06-16,2025-06-23,90
PO-S037-OTT-DC2-20250629,S037,OTT-DC2,VendorB,2025-06-22,2025-06-29,53
PO-S038-OTT-DC2-20250508,S038,OTT-DC2,VendorA,2025-05-01,2025-05-08,52
PO-S038-OTT-DC2-20250518,S038,OTT-DC2,VendorB,2025-05-11,2025-05-18,108
PO-S038-OTT-DC2-20250528,S038,OTT-DC2,VendorA,2025-05-21,2025-05-28,89
PO-S038-OTT-DC2-20250603,S038,OTT-DC2,VendorC,2025-05-27,2025-06-03,83
PO-S038-OTT-DC2-20250609,S038,OTT-DC2,VendorC,2025-06-02,2025-06-09,62
PO-S038-OTT-DC2-20250618,S038,OTT-DC2,VendorB,2025-06-11,2025-06-18,57
PO-S038-OTT-DC2-20250624,S038,OTT-DC2,VendorA,2025-06-17,2025-06-24,63
PO-S039-OTT-DC2-20250511,S039,OTT-DC2,VendorC,2025-05-04,2025-05-11,76
PO-S039-OTT-DC2-20250516,S039,OTT-DC2,VendorA,2025-05-09,2025-05-16,93
PO-S039-OTT-DC2-20250522,S039,OTT-DC2,VendorC,2025-05-15,2025-05-22,40
PO-S039-OTT-DC2-20250531,S039,OTT-DC2,VendorB,2025-05-24,2025-05-31,61
PO-S039-OTT-DC2-20250607,S039,OTT-DC2,VendorC,2025-05-31,2025-06-07,108
PO-S039-OTT-DC2-20250617,S039,OTT-DC2,VendorC,2025-06-10,2025-06-17,92
PO-S039-OTT-DC2-20250624,S039,OTT-DC2,VendorB,2025-06-17,2025-06-24,81
PO-S040-OTT-DC2-20250507,S040,OTT-DC2,VendorA,2025-04-30,2025-05-07,88
PO-S040-OTT-DC2-20250515,S040,OTT-DC2,VendorB,2025-05-08,2025-05-15,128
PO-S040-OTT-DC2-20250520,S040,OTT-DC2,VendorB,2025-05-13,2025-05-20,58
PO-S040-OTT-DC2-20250531,S040,OTT-DC2,VendorC,2025-05-24,2025-05-31,53
PO-S040-OTT-DC2-20250610,S040,OTT-DC2,VendorA,2025-06-03,2025-06-10,94
PO-S040-OTT-DC2-20250616,S040,OTT-DC2,VendorA,2025-06-09,2025-06-16,88
PO-S040-OTT-DC2-20250622,S040,OTT-DC2,VendorB,2025-06-15,2025-06-22,126
PO-S001-MTL-DC3-20250509,S001,MTL-DC3,VendorB,2025-05-02,2025-05-09,91
PO-S001-MTL-DC3-20250515,S001,MTL-DC3,VendorC,2025-05-08,2025-05-15,124
PO-S001-MTL-DC3-20250520,S001,MTL-DC3,VendorA,2025-05-13,2025-05-20,79
PO-S001-MTL-DC3-20250529,S001,MTL-DC3,VendorA,2025-05-22,2025-05-29,18
PO-S001-MTL-DC3-20250606,S001,MTL-DC3,VendorC,2025-05-30,2025-06-06,89
PO-S001-MTL-DC3-20250612,S001,MTL-DC3,VendorB,2025-06-05,2025-06-12,90
PO-S001-MTL-DC3-20250618,S001,MTL-DC3,VendorB,2025-06-11,2025-06-18,67
PO-S001-MTL-DC3-20250628,S001,MTL-DC3,VendorC,2025-06-21,2025-06-28,80
PO-S002-MTL-DC3-20250505,S002,MTL-DC3,VendorC,2025-04-28,2025-05-05,63
PO-S002-MTL-DC3-20250512,S002,MTL-DC3,VendorC,2025-05-05,2025-05-12,76
PO-S002-MTL-DC3-20250517,S002,MTL-DC3,VendorB,2025-05-10,2025-05-17,69
PO-S002-MTL-DC3-20250526,S002,MTL-DC3,VendorC,2025-05-19,2025-05-26,65
PO-S002-MTL-DC3-20250605,S002,MTL-DC3,VendorA,2025-05-29,2025-06-05,69
PO-S002-MTL-DC3-20250614,S002,MTL-DC3,VendorA,2025-06-07,2025-06-14,85
PO-S002-MTL-DC3-20250623,S002,MTL-DC3,VendorB,2025-06-16,2025-06-23,124
PO-S003-MTL-DC3-20250509,S003,MTL-DC3,VendorA,2025-05-02,2025-05-09,74
PO-S003-MTL-DC3-20250517,S003,MTL-DC3,VendorC,2025-05-10,2025-05-17,45
PO-S003-MTL-DC3-20250528,S003,MTL-DC3,VendorB,2025-05-21,2025-05-28,118
PO-S003-MTL-DC3-20250602,S003,MTL-DC3,VendorB,2025-05-26,2025-06-02,61
PO-S003-MTL-DC3-20250611,S003,MTL-DC3,VendorC,2025-06-04,2025-06-11,65
PO-S003-MTL-DC3-20250622,S003,MTL-DC3,VendorC,2025-06-15,2025-06-22,68
PO-S004-MTL-DC3-20250505,S004,MTL-DC3,VendorC,2025-04-28,2025-05-05,77
PO-S004-MTL-DC3-20250510,S004,MTL-DC3,VendorB,2025-05-03,2025-05-10,55
PO-S004-MTL-DC3-20250517,S004,MTL-DC3,VendorA,2025-05-10,2025-05-17,60
PO-S004-MTL-DC3-20250522,S004,MTL-DC3,VendorA,2025-05-15,2025-05-22,116
PO-S004-MTL-DC3-20250602,S004,MTL-DC3,VendorC,2025-05-26,2025-06-02,151
PO-S004-MTL-DC3-20250610,S004,MTL-DC3,VendorC,2025-06-03,2025-06-10,58
PO-S004-MTL-DC3-20250615,S004,MTL-DC3,VendorA,2025-06-08,2025-06-15,57
PO-S004-MTL-DC3-20250623,S004,MTL-DC3,VendorB,2025-06-16,2025-06-23,117
PO-S005-MTL-DC3-20250510,S005,MTL-DC3,VendorB,2025-05-03,2025-05-10,129
PO-S005-MTL-DC3-20250517,S005,MTL-DC3,VendorC,2025-05-10,2025-05-17,98
PO-S005-MTL-DC3-20250523,S005,MTL-DC3,VendorC,2025-05-16,2025-05-23,63
PO-S005-MTL-DC3-20250528,S005,MTL-DC3,VendorC,2025-05-21,2025-05-28,114
PO-S005-MTL-DC3-20250608,S005,MTL-DC3,VendorC,2025-06-01,2025-06-08,95
PO-S005-MTL-DC3-20250613,S005,MTL-DC3,VendorB,2025-06-06,2025-06-13,113
PO-S005-MTL-DC3-20250621,S005,MTL-DC3,VendorB,2025-06-14,2025-06-21,65
PO-S006-MTL-DC3-20250507,S006,MTL-DC3,VendorB,2025-04-30,2025-05-07,38
PO-S006-MTL-DC3-20250513,S006,MTL-DC3,VendorB,2025-05-06,2025-05-13,79
PO-S006-MTL-DC3-20250523,S006,MTL-DC3,VendorB,2025-05-16,2025-05-23,43
PO-S006-MTL-DC3-20250529,S006,MTL-DC3,VendorA,2025-05-22,2025-05-29,85
PO-S006-MTL-DC3-20250605,S006,MTL-DC3,VendorC,2025-05-29,2025-06-05,82
PO-S006-MTL-DC3-20250615,S006,MTL-DC3,VendorA,2025-06-08,2025-06-15,50
PO-S006-MTL-DC3-20250625,S006,MTL-DC3,VendorA,2025-06-18,2025-06-25,49
PO-S007-MTL-DC3-20250506,S007,MTL-DC3,VendorC,2025-04-29,2025-05-06,89
PO-S007-MTL-DC3-20250517,S007,MTL-DC3,VendorC,2025-05-10,2025-05-17,78
PO-S007-MTL-DC3-20250528,S007,MTL-DC3,VendorC,2025-05-21,2025-05-28,44
PO-S007-MTL-DC3-20250607,S007,MTL-DC3,VendorB,2025-05-31,2025-06-07,50
PO-S007-MTL-DC3-20250615,S007,MTL-DC3,VendorC,2025-06-08,2025-06-15,98
PO-S007-MTL-DC3-20250621,S007,MTL-DC3,VendorB,2025-06-14,2025-06-21,88
PO-S007-MTL-DC3-20250626,S007,MTL-DC3,VendorB,2025-06-19,2025-06-26,102
PO-S008-MTL-DC3-20250509,S008,MTL-DC3,VendorC,2025-05-02,2025-05-09,59
PO-S008-MTL-DC3-20250514,S008,MTL-DC3,VendorC,2025-05-07,2025-05-14,55
PO-S008-MTL-DC3-20250524,S008,MTL-DC3,VendorA,2025-05-17,2025-05-24,74
PO-S008-MTL-DC3-20250602,S008,MTL-DC3,VendorC,2025-05-26,2025-06-02,112
PO-S008-MTL-DC3-20250607,S008,MTL-DC3,VendorA,2025-05-31,2025-06-07,90
PO-S008-MTL-DC3-20250618,S008,MTL-DC3,VendorA,2025-06-11,2025-06-18,128
PO-S008-MTL-DC3-20250626,S008,MTL-DC3,VendorC,2025-06-19,2025-06-26,85
PO-S009-MTL-DC3-20250511,S009,MTL-DC3,VendorC,2025-05-04,2025-05-11,60
PO-S009-MTL-DC3-20250519,S009,MTL-DC3,VendorA,2025-05-12,2025-05-19,74
PO-S009-MTL-DC3-20250525,S009,MTL-DC3,VendorB,2025-05-18,2025-05-25,57
PO-S009-MTL-DC3-20250531,S009,MTL-DC3,VendorA,2025-05-24,2025-05-31,94
PO-S009-MTL-DC3-20250611,S009,MTL-DC3,VendorB,2025-06-04,2025-06-11,69
PO-S009-MTL-DC3-20250616,S009,MTL-DC3,VendorA,2025-06-09,2025-06-16,71
PO-S009-MTL-DC3-20250621,S009,MTL-DC3,VendorB,2025-06-14,2025-06-21,80
PO-S009-MTL-DC3-20250626,S009,MTL-DC3,VendorC,2025-06-19,2025-06-26,65
PO-S010-MTL-DC3-20250509,S010,MTL-DC3,VendorB,2025-05-02,2025-05-09,105
PO-S010-MTL-DC3-20250518,S010,MTL-DC3,VendorB,2025-05-11,2025-05-18,38
PO-S010-MTL-DC3-20250529,S010,MTL-DC3,VendorA,2025-05-22,2025-05-29,103
PO-S010-MTL-DC3-20250608,S010,MTL-DC3,VendorB,2025-06-01,2025-06-08,60
PO-S010-MTL-DC3-20250618,S010,MTL-DC3,VendorB,2025-06-11,2025-06-18,25
PO-S010-MTL-DC3-20250627,S010,MTL-DC3,VendorB,2025-06-20,2025-06-27,95
PO-S011-MTL-DC3-20250507,S011,MTL-DC3,VendorC,2025-04-30,2025-05-07,103
PO-S011-MTL-DC3-20250513,S011,MTL-DC3,VendorA,2025-05-06,2025-05-13,93
PO-S011-MTL-DC3-20250521,S011,MTL-DC3,VendorB,2025-05-14,2025-05-21,118
PO-S011-MTL-DC3-20250526,S011,MTL-DC3,VendorC,2025-05-19,2025-05-26,118
PO-S011-MTL-DC3-20250601,S011,MTL-DC3,VendorB,2025-05-25,2025-06-01,57
PO-S011-MTL-DC3-20250607,S011,MTL-DC3,VendorC,2025-05-31,2025-06-07,2
PO-S011-MTL-DC3-20250617,S011,MTL-DC3,VendorC,2025-06-10,2025-06-17,63
PO-S011-MTL-DC3-20250622,S011,MTL-DC3,VendorC,2025-06-15,2025-06-22,87
PO-S012-MTL-DC3-20250508,S012,MTL-DC3,VendorB,2025-05-01,2025-05-08,81
PO-S012-MTL-DC3-20250516,S012,MTL-DC3,VendorB,2025-05-09,2025-05-16,115
PO-S012-MTL-DC3-20250523,S012,MTL-DC3,VendorA,2025-05-16,2025-05-23,99
PO-S012-MTL-DC3-20250530,S012,MTL-DC3,VendorB,2025-05-23,2025-05-30,39
PO-S012-MTL-DC3-20250609,S012,MTL-DC3,VendorB,2025-06-02,2025-06-09,69
PO-S012-MTL-DC3-20250614,S012,MTL-DC3,VendorB,2025-06-07,2025-06-14,129
PO-S012-MTL-DC3-20250624,S012,MTL-DC3,VendorC,2025-06-17,2025-06-24,112
PO-S012-MTL-DC3-20250629,S012,MTL-DC3,VendorB,2025-06-22,2025-06-29,77
PO-S013-MTL-DC3-20250511,S013,MTL-DC3,VendorB,2025-05-04,2025-05-11,69
PO-S013-MTL-DC3-20250521,S013,MTL-DC3,VendorC,2025-05-14,2025-05-21,95
PO-S013-MTL-DC3-20250526,S013,MTL-DC3,VendorC,2025-05-19,2025-05-26,77
PO-S013-MTL-DC3-20250606,S013,MTL-DC3,VendorA,2025-05-30,2025-06-06,91
PO-S013-MTL-DC3-20250613,S013,MTL-DC3,VendorC,2025-06-06,2025-06-13,116
PO-S013-MTL-DC3-20250623,S013,MTL-DC3,VendorB,2025-06-16,2025-06-23,89
PO-S014-MTL-DC3-20250508,S014,MTL-DC3,VendorC,2025-05-01,2025-05-08,102
PO-S014-MTL-DC3-20250519,S014,MTL-DC3,VendorC,2025-05-12,2025-05-19,28
PO-S014-MTL-DC3-20250527,S014,MTL-DC3,VendorA,2025-05-20,2025-05-27,82
PO-S014-MTL-DC3-20250602,S014,MTL-DC3,VendorC,2025-05-26,2025-06-02,115
PO-S014-MTL-DC3-20250612,S014,MTL-DC3,VendorB,2025-06-05,2025-06-12,69
PO-S014-MTL-DC3-20250620,S014,MTL-DC3,VendorA,2025-06-13,2025-06-20,98
PO-S015-MTL-DC3-20250510,S015,MTL-DC3,VendorB,2025-05-03,2025-05-10,68
PO-S015-MTL-DC3-20250515,S015,MTL-DC3,VendorB,2025-05-08,2025-05-15,102
PO-S015-MTL-DC3-20250522,S015,MTL-DC3,VendorC,2025-05-15,2025-05-22,92
PO-S015-MTL-DC3-20250530,S015,MTL-DC3,VendorC,2025-05-23,2025-05-30,64
PO-S015-MTL-DC3-20250604,S015,MTL-DC3,VendorA,2025-05-28,2025-06-04,58
PO-S015-MTL-DC3-20250609,S015,MTL-DC3,VendorB,2025-06-02,2025-06-09,22
PO-S015-MTL-DC3-20250616,S015,MTL-DC3,VendorA,2025-06-09,2025-06-16,70
PO-S015-MTL-DC3-20250622,S015,MTL-DC3,VendorB,2025-06-15,2025-06-22,68
PO-S015-MTL-DC3-20250627,S015,MTL-DC3,VendorA,2025-06-20,2025-06-27,148
PO-S016-MTL-DC3-20250505,S016,MTL-DC3,VendorB,2025-04-28,2025-05-05,142
PO-S016-MTL-DC3-20250510,S016,MTL-DC3,VendorA,2025-05-03,2025-05-10,85
PO-S016-MTL-DC3-20250520,S016,MTL-DC3,VendorC,2025-05-13,2025-05-20,130
PO-S016-MTL-DC3-20250528,S016,MTL-DC3,VendorB,2025-05-21,2025-05-28,43
PO-S016-MTL-DC3-20250606,S016,MTL-DC3,VendorA,2025-05-30,2025-06-06,69
PO-S016-MTL-DC3-20250611,S016,MTL-DC3,VendorB,2025-06-04,2025-06-11,112
PO-S016-MTL-DC3-20250620,S016,MTL-DC3,VendorB,2025-06-13,2025-06-20,87
PO-S016-MTL-DC3-20250629,S016,MTL-DC3,VendorC,2025-06-22,2025-06-29,47
PO-S017-MTL-DC3-20250510,S017,MTL-DC3,VendorC,2025-05-03,2025-05-10,70
PO-S017-MTL-DC3-20250518,S017,MTL-DC3,VendorB,2025-05-11,2025-05-18,65
PO-S017-MTL-DC3-20250529,S017,MTL-DC3,VendorA,2025-05-22,2025-05-29,84
PO-S017-MTL-DC3-20250607,S017,MTL-DC3,VendorA,2025-05-31,2025-06-07,96
PO-S017-MTL-DC3-20250616,S017,MTL-DC3,VendorA,2025-06-09,2025-06-16,68
PO-S017-MTL-DC3-20250627,S017,MTL-DC3,VendorC,2025-06-20,2025-06-27,70
PO-S018-MTL-DC3-20250506,S018,MTL-DC3,VendorC,2025-04-29,2025-05-06,36
PO-S018-MTL-DC3-20250516,S018,MTL-DC3,VendorB,2025-05-09,2025-05-16,101
PO-S018-MTL-DC3-20250525,S018,MTL-DC3,VendorA,2025-05-18,2025-05-25,66
PO-S018-MTL-DC3-20250604,S018,MTL-DC3,VendorA,2025-05-28,2025-06-04,107
PO-S018-MTL-DC3-20250615,S018,MTL-DC3,VendorC,2025-06-08,2025-06-15,134
PO-S018-MTL-DC3-20250626,S018,MTL-DC3,VendorA,2025-06-19,2025-06-26,43
PO-S019-MTL-DC3-20250506,S019,MTL-DC3,VendorB,2025-04-29,2025-05-06,93
PO-S019-MTL-DC3-20250517,S019,MTL-DC3,VendorC,2025-05-10,2025-05-17,70
PO-S019-MTL-DC3-20250526,S019,MTL-DC3,VendorC,2025-05-19,2025-05-26,66
PO-S019-MTL-DC3-20250601,S019,MTL-DC3,VendorB,2025-05-25,2025-06-01,76
PO-S019-MTL-DC3-20250607,S019,MTL-DC3,VendorC,2025-05-31,2025-06-07,88
PO-S019-MTL-DC3-20250617,S019,MTL-DC3,VendorA,2025-06-10,2025-06-17,60
PO-S019-MTL-DC3-20250625,S019,MTL-DC3,VendorC,2025-06-18,2025-06-25,43
PO-S020-MTL-DC3-20250508,S020,MTL-DC3,VendorC,2025-05-01,2025-05-08,120
PO-S020-MTL-DC3-20250513,S020,MTL-DC3,VendorA,2025-05-06,2025-05-13,89
PO-S020-MTL-DC3-20250522,S020,MTL-DC3,VendorC,2025-05-15,2025-05-22,87
PO-S020-MTL-DC3-20250527,S020,MTL-DC3,VendorB,2025-05-20,2025-05-27,47
PO-S020-MTL-DC3-20250606,S020,MTL-DC3,VendorC,2025-05-30,2025-06-06,96
PO-S020-MTL-DC3-20250615,S020,MTL-DC3,VendorA,2025-06-08,2025-06-15,91
PO-S020-MTL-DC3-20250626,S020,MTL-DC3,VendorB,2025-06-19,2025-06-26,47
PO-S021-MTL-DC3-20250509,S021,MTL-DC3,VendorA,2025-05-02,2025-05-09,39
PO-S021-MTL-DC3-20250519,S021,MTL-DC3,VendorA,2025-05-12,2025-05-19,122
PO-S021-MTL-DC3-20250528,S021,MTL-DC3,VendorC,2025-05-21,2025-05-28,90
PO-S021-MTL-DC3-20250607,S021,MTL-DC3,VendorB,2025-05-31,2025-06-07,98
PO-S021-MTL-DC3-20250618,S021,MTL-DC3,VendorA,2025-06-11,2025-06-18,94
PO-S021-MTL-DC3-20250624,S021,MTL-DC3,VendorB,2025-06-17,2025-06-24,113
PO-S022-MTL-DC3-20250505,S022,MTL-DC3,VendorB,2025-04-28,2025-05-05,29
PO-S022-MTL-DC3-20250513,S022,MTL-DC3,VendorA,2025-05-06,2025-05-13,89
PO-S022-MTL-DC3-20250523,S022,MTL-DC3,VendorC,2025-05-16,2025-05-23,121
PO-S022-MTL-DC3-20250602,S022,MTL-DC3,VendorC,2025-05-26,2025-06-02,79
PO-S022-MTL-DC3-20250612,S022,MTL-DC3,VendorB,2025-06-05,2025-06-12,80
PO-S022-MTL-DC3-20250623,S022,MTL-DC3,VendorC,2025-06-16,2025-06-23,115
PO-S022-MTL-DC3-20250628,S022,MTL-DC3,VendorB,2025-06-21,2025-06-28,47
PO-S023-MTL-DC3-20250510,S023,MTL-DC3,VendorB,2025-05-03,2025-05-10,127
PO-S023-MTL-DC3-20250518,S023,MTL-DC3,VendorA,2025-05-11,2025-05-18,48
PO-S023-MTL-DC3-20250524,S023,MTL-DC3,VendorA,2025-05-17,2025-05-24,121
PO-S023-MTL-DC3-20250603,S023,MTL-DC3,VendorC,2025-05-27,2025-06-03,97
PO-S023-MTL-DC3-20250613,S023,MTL-DC3,VendorC,2025-06-06,2025-06-13,76
PO-S023-MTL-DC3-20250624,S023,MTL-DC3,VendorA,2025-06-17,2025-06-24,68
PO-S024-MTL-DC3-20250509,S024,MTL-DC3,VendorA,2025-05-02,2025-05-09,57
PO-S024-MTL-DC3-20250516,S024,MTL-DC3,VendorC,2025-05-09,2025-05-16,101
PO-S024-MTL-DC3-20250521,S024,MTL-DC3,VendorA,2025-05-14,2025-05-21,70
PO-S024-MTL-DC3-20250528,S024,MTL-DC3,VendorB,2025-05-21,2025-05-28,56
PO-S024-MTL-DC3-20250603,S024,MTL-DC3,VendorA,2025-05-27,2025-06-03,65
PO-S024-MTL-DC3-20250612,S024,MTL-DC3,VendorA,2025-06-05,2025-06-12,85
PO-S024-MTL-DC3-20250621,S024,MTL-DC3,VendorA,2025-06-14,2025-06-21,137
PO-S024-MTL-DC3-20250629,S024,MTL-DC3,VendorA,2025-06-22,2025-06-29,109
PO-S025-MTL-DC3-20250510,S025,MTL-DC3,VendorB,2025-05-03,2025-05-10,93
PO-S025-MTL-DC3-20250515,S025,MTL-DC3,VendorB,2025-05-08,2025-05-15,89
PO-S025-MTL-DC3-20250523,S025,MTL-DC3,VendorC,2025-05-16,2025-05-23,69
PO-S025-MTL-DC3-20250603,S025,MTL-DC3,VendorC,2025-05-27,2025-06-03,90
PO-S025-MTL-DC3-20250613,S025,MTL-DC3,VendorA,2025-06-06,2025-06-13,59
PO-S025-MTL-DC3-20250621,S025,MTL-DC3,VendorC,2025-06-14,2025-06-21,73
PO-S025-MTL-DC3-20250628,S025,MTL-DC3,VendorB,2025-06-21,2025-06-28,115
PO-S026-MTL-DC3-20250508,S026,MTL-DC3,VendorC,2025-05-01,2025-05-08,66
PO-S026-MTL-DC3-20250516,S026,MTL-DC3,VendorA,2025-05-09,2025-05-16,17
PO-S026-MTL-DC3-20250527,S026,MTL-DC3,VendorB,2025-05-20,2025-05-27,90
PO-S026-MTL-DC3-20250604,S026,MTL-DC3,VendorA,2025-05-28,2025-06-04,81
PO-S026-MTL-DC3-20250609,S026,MTL-DC3,VendorC,2025-06-02,2025-06-09,97
PO-S026-MTL-DC3-20250620,S026,MTL-DC3,VendorA,2025-06-13,2025-06-20,63
PO-S026-MTL-DC3-20250626,S026,MTL-DC3,VendorA,2025-06-19,2025-06-26,74
PO-S027-MTL-DC3-20250511,S027,MTL-DC3,VendorB,2025-05-04,2025-05-11,106
PO-S027-MTL-DC3-20250516,S027,MTL-DC3,VendorC,2025-05-09,2025-05-16,88
PO-S027-MTL-DC3-20250521,S027,MTL-DC3,VendorB,2025-05-14,2025-05-21,72
PO-S027-MTL-DC3-20250529,S027,MTL-DC3,VendorB,2025-05-22,2025-05-29,32
PO-S027-MTL-DC3-20250609,S027,MTL-DC3,VendorB,2025-06-02,2025-06-09,85
PO-S027-MTL-DC3-20250620,S027,MTL-DC3,VendorA,2025-06-13,2025-06-20,62
PO-S028-MTL-DC3-20250506,S028,MTL-DC3,VendorC,2025-04-29,2025-05-06,104
PO-S028-MTL-DC3-20250514,S028,MTL-DC3,VendorB,2025-05-07,2025-05-14,52
PO-S028-MTL-DC3-20250523,S028,MTL-DC3,VendorC,2025-05-16,2025-05-23,53
PO-S028-MTL-DC3-20250529,S028,MTL-DC3,VendorB,2025-05-22,2025-05-29,67
PO-S028-MTL-DC3-20250609,S028,MTL-DC3,VendorB,2025-06-02,2025-06-09,72
PO-S028-MTL-DC3-20250619,S028,MTL-DC3,VendorB,2025-06-12,2025-06-19,103
PO-S028-MTL-DC3-20250624,S028,MTL-DC3,VendorA,2025-06-17,2025-06-24,112
PO-S029-MTL-DC3-20250509,S029,MTL-DC3,VendorA,2025-05-02,2025-05-09,73
PO-S029-MTL-DC3-20250517,S029,MTL-DC3,VendorA,2025-05-10,2025-05-17,90
PO-S029-MTL-DC3-20250523,S029,MTL-DC3,VendorB,2025-05-16,2025-05-23,92
PO-S029-MTL-DC3-20250602,S029,MTL-DC3,VendorB,2025-05-26,2025-06-02,100
PO-S029-MTL-DC3-20250610,S029,MTL-DC3,VendorB,2025-06-03,2025-06-10,43
PO-S029-MTL-DC3-20250621,S029,MTL-DC3,VendorC,2025-06-14,2025-06-21,108
PO-S030-MTL-DC3-20250507,S030,MTL-DC3,VendorA,2025-04-30,2025-05-07,103
PO-S030-MTL-DC3-20250516,S030,MTL-DC3,VendorA,2025-05-09,2025-05-16,131
PO-S030-MTL-DC3-20250527,S030,MTL-DC3,VendorC,2025-05-20,2025-05-27,52
PO-S030-MTL-DC3-20250604,S030,MTL-DC3,VendorB,2025-05-28,2025-06-04,88
PO-S030-MTL-DC3-20250615,S030,MTL-DC3,VendorB,2025-06-08,2025-06-15,49
PO-S030-MTL-DC3-20250625,S030,MTL-DC3,VendorB,2025-06-18,2025-06-25,81
PO-S031-MTL-DC3-20250505,S031,MTL-DC3,VendorB,2025-04-28,2025-05-05,26
PO-S031-MTL-DC3-20250513,S031,MTL-DC3,VendorC,2025-05-06,2025-05-13,91
PO-S031-MTL-DC3-20250522,S031,MTL-DC3,VendorB,2025-05-15,2025-05-22,55
PO-S031-MTL-DC3-20250601,S031,MTL-DC3,VendorB,2025-05-25,2025-06-01,59
PO-S031-MTL-DC3-20250612,S031,MTL-DC3,VendorA,2025-06-05,2025-06-12,111
PO-S031-MTL-DC3-20250621,S031,MTL-DC3,VendorB,2025-06-14,2025-06-21,104
PO-S031-MTL-DC3-20250626,S031,MTL-DC3,VendorB,2025-06-19,2025-06-26,74
PO-S032-MTL-DC3-20250510,S032,MTL-DC3,VendorB,2025-05-03,2025-05-10,124
PO-S032-MTL-DC3-20250515,S032,MTL-DC3,VendorA,2025-05-08,2025-05-15,35
PO-S032-MTL-DC3-20250525,S032,MTL-DC3,VendorB,2025-05-18,2025-05-25,76
PO-S032-MTL-DC3-20250601,S032,MTL-DC3,VendorA,2025-05-25,2025-06-01,60
PO-S032-MTL-DC3-20250608,S032,MTL-DC3,VendorB,2025-06-01,2025-06-08,37
PO-S032-MTL-DC3-20250615,S032,MTL-DC3,VendorB,2025-06-08,2025-06-15,85
PO-S032-MTL-DC3-20250620,S032,MTL-DC3,VendorC,2025-06-13,2025-06-20,76
PO-S032-MTL-DC3-20250625,S032,MTL-DC3,VendorB,2025-06-18,2025-06-25,88
PO-S033-MTL-DC3-20250511,S033,MTL-DC3,VendorA,2025-05-04,2025-05-11,66
PO-S033-MTL-DC3-20250521,S033,MTL-DC3,VendorB,2025-05-14,2025-05-21,113
PO-S033-MTL-DC3-20250531,S033,MTL-DC3,VendorC,2025-05-24,2025-05-31,76
PO-S033-MTL-DC3-20250605,S033,MTL-DC3,VendorC,2025-05-29,2025-06-05,97
PO-S033-MTL-DC3-20250614,S033,MTL-DC3,VendorC,2025-06-07,2025-06-14,37
PO-S033-MTL-DC3-20250622,S033,MTL-DC3,VendorC,2025-06-15,2025-06-22,97
PO-S033-MTL-DC3-20250628,S033,MTL-DC3,VendorC,2025-06-21,2025-06-28,126
PO-S034-MTL-DC3-20250509,S034,MTL-DC3,VendorC,2025-05-02,2025-05-09,63
PO-S034-MTL-DC3-20250519,S034,MTL-DC3,VendorB,2025-05-12,2025-05-19,123
PO-S034-MTL-DC3-20250528,S034,MTL-DC3,VendorC,2025-05-21,2025-05-28,72
PO-S034-MTL-DC3-20250603,S034,MTL-DC3,VendorA,2025-05-27,2025-06-03,77
PO-S034-MTL-DC3-20250611,S034,MTL-DC3,VendorC,2025-06-04,2025-06-11,42
PO-S034-MTL-DC3-20250619,S034,MTL-DC3,VendorA,2025-06-12,2025-06-19,96
PO-S034-MTL-DC3-20250628,S034,MTL-DC3,VendorB,2025-06-21,2025-06-28,71
PO-S035-MTL-DC3-20250509,S035,MTL-DC3,VendorB,2025-05-02,2025-05-09,80
PO-S035-MTL-DC3-20250520,S035,MTL-DC3,VendorC,2025-05-13,2025-05-20,84
PO-S035-MTL-DC3-20250531,S035,MTL-DC3,VendorC,2025-05-24,2025-05-31,95
PO-S035-MTL-DC3-20250608,S035,MTL-DC3,VendorC,2025-06-01,2025-06-08,80
PO-S035-MTL-DC3-20250616,S035,MTL-DC3,VendorA,2025-06-09,2025-06-16,83
PO-S035-MTL-DC3-20250627,S035,MTL-DC3,VendorA,2025-06-20,2025-06-27,45
PO-S036-MTL-DC3-20250509,S036,MTL-DC3,VendorC,2025-05-02,2025-05-09,52
PO-S036-MTL-DC3-20250520,S036,MTL-DC3,VendorB,2025-05-13,2025-05-20,54
PO-S036-MTL-DC3-20250530,S036,MTL-DC3,VendorC,2025-05-23,2025-05-30,87
PO-S036-MTL-DC3-20250609,S036,MTL-DC3,VendorA,2025-06-02,2025-06-09,126
PO-S036-MTL-DC3-20250617,S036,MTL-DC3,VendorA,2025-06-10,2025-06-17,51
PO-S036-MTL-DC3-20250625,S036,MTL-DC3,VendorC,2025-06-18,2025-06-25,67
PO-S037-MTL-DC3-20250506,S037,MTL-DC3,VendorB,2025-04-29,2025-05-06,101
PO-S037-MTL-DC3-20250511,S037,MTL-DC3,VendorA,2025-05-04,2025-05-11,64
PO-S037-MTL-DC3-20250521,S037,MTL-DC3,VendorC,2025-05-14,2025-05-21,72
PO-S037-MTL-DC3-20250528,S037,MTL-DC3,VendorB,2025-05-21,2025-05-28,104
PO-S037-MTL-DC3-20250603,S037,MTL-DC3,VendorC,2025-05-27,2025-06-03,84
PO-S037-MTL-DC3-20250611,S037,MTL-DC3,VendorC,2025-06-04,2025-06-11,56
PO-S037-MTL-DC3-20250621,S037,MTL-DC3,VendorA,2025-06-14,2025-06-21,64
PO-S038-MTL-DC3-20250506,S038,MTL-DC3,VendorA,2025-04-29,2025-05-06,31
PO-S038-MTL-DC3-20250515,S038,MTL-DC3,VendorA,2025-05-08,2025-05-15,67
PO-S038-MTL-DC3-20250523,S038,MTL-DC3,VendorA,2025-05-16,2025-05-23,66
PO-S038-MTL-DC3-20250601,S038,MTL-DC3,VendorA,2025-05-25,2025-06-01,122
PO-S038-MTL-DC3-20250612,S038,MTL-DC3,VendorA,2025-06-05,2025-06-12,65
PO-S038-MTL-DC3-20250619,S038,MTL-DC3,VendorA,2025-06-12,2025-06-19,103
PO-S038-MTL-DC3-20250628,S038,MTL-DC3,VendorC,2025-06-21,2025-06-28,84
PO-S039-MTL-DC3-20250511,S039,MTL-DC3,VendorA,2025-05-04,2025-05-11,111
PO-S039-MTL-DC3-20250522,S039,MTL-DC3,VendorB,2025-05-15,2025-05-22,91
PO-S039-MTL-DC3-20250601,S039,MTL-DC3,VendorA,2025-05-25,2025-06-01,79
PO-S039-MTL-DC3-20250611,S039,MTL-DC3,VendorA,2025-06-04,2025-06-11,93
PO-S039-MTL-DC3-20250617,S039,MTL-DC3,VendorC,2025-06-10,2025-06-17,77
PO-S039-MTL-DC3-20250626,S039,MTL-DC3,VendorB,2025-06-19,2025-06-26,65
PO-S040-MTL-DC3-20250509,S040,MTL-DC3,VendorC,2025-05-02,2025-05-09,65
PO-S040-MTL-DC3-20250520,S040,MTL-DC3,VendorC,2025-05-13,2025-05-20,129
PO-S040-MTL-DC3-20250530,S040,MTL-DC3,VendorB,2025-05-23,2025-05-30,30
PO-S040-MTL-DC3-20250609,S040,MTL-DC3,VendorA,2025-06-02,2025-06-09,109
PO-S040-MTL-DC3-20250614,S040,MTL-DC3,VendorB,2025-06-07,2025-06-14,103
PO-S040-MTL-DC3-20250624,S040,MTL-DC3,VendorA,2025-06-17,2025-06-24,45
