SKU,Warehouse,ReceiptDate,Qty
S001,YYZ-DC1,2025-05-05,131
S001,YYZ-DC1,2025-05-16,95
S001,YYZ-DC1,2025-05-21,70
S001,YYZ-DC1,2025-06-01,54
S001,YYZ-DC1,2025-06-09,81
S001,YYZ-DC1,2025-06-20,57
S001,YYZ-DC1,2025-06-25,115
S002,YYZ-DC1,2025-05-05,83
S002,YYZ-DC1,2025-05-11,83
S002,YYZ-DC1,2025-05-19,63
S002,YYZ-DC1,2025-05-29,91
S002,YYZ-DC1,2025-06-09,51
S002,YYZ-DC1,2025-06-16,21
S002,YYZ-DC1,2025-06-24,106
S003,YYZ-DC1,2025-05-07,111
S003,YYZ-DC1,2025-05-13,78
S003,YYZ-DC1,2025-05-24,110
S003,YYZ-DC1,2025-06-04,78
S003,YYZ-DC1,2025-06-09,52
S003,YYZ-DC1,2025-06-16,46
S003,YYZ-DC1,2025-06-26,100
S004,YYZ-DC1,2025-05-08,57
S004,YYZ-DC1,2025-05-19,117
S004,YYZ-DC1,2025-05-25,103
S004,YYZ-DC1,2025-06-02,60
S004,YYZ-DC1,2025-06-12,102
S004,YYZ-DC1,2025-06-22,96
S005,YYZ-DC1,2025-05-10,107
S005,YYZ-DC1,2025-05-20,88
S005,YYZ-DC1,2025-05-28,107
S005,YYZ-DC1,2025-06-08,109
S005,YYZ-DC1,2025-06-16,77
S005,YYZ-DC1,2025-06-23,127
S005,YYZ-DC1,2025-06-29,118
S006,YYZ-DC1,2025-05-11,99
S006,YYZ-DC1,2025-05-18,77
S006,YYZ-DC1,2025-05-24,98
S006,YYZ-DC1,2025-05-30,74
S006,YYZ-DC1,2025-06-08,82
S006,YYZ-DC1,2025-06-19,122
S006,YYZ-DC1,2025-06-29,48
S007,YYZ-DC1,2025-05-07,66
S007,YYZ-DC1,2025-05-12,66
S007,YYZ-DC1,2025-05-20,60
S007,YYZ-DC1,2025-05-29,83
S007,YYZ-DC1,2025-06-04,122
S007,YYZ-DC1,2025-06-13,94
S007,YYZ-DC1,2025-06-18,145
S007,YYZ-DC1,2025-06-27,104
S008,YYZ-DC1,2025-05-08,78
S008,YYZ-DC1,2025-05-19,94
S008,YYZ-DC1,2025-05-30,70
S008,YYZ-DC1,2025-06-07,45
S008,YYZ-DC1,2025-06-14,83
S008,YYZ-DC1,2025-06-22,84
S008,YYZ-DC1,2025-06-27,91
S009,YYZ-DC1,2025-05-09,65
S009,YYZ-DC1,2025-05-18,51
S009,YYZ-DC1,2025-05-24,96
S009,YYZ-DC1,2025-05-30,106
S009,YYZ-DC1,2025-06-04,56
S009,YYZ-DC1,2025-06-09,55
S009,YYZ-DC1,2025-06-18,66
S009,YYZ-DC1,2025-06-25,134
S010,YYZ-DC1,2025-05-06,58
S010,YYZ-DC1,2025-05-12,69
S010,YYZ-DC1,2025-05-17,84
S010,YYZ-DC1,2025-05-25,68
S010,YYZ-DC1,2025-06-03,75
S010,YYZ-DC1,2025-06-10,54
S010,YYZ-DC1,2025-06-19,97
S010,YYZ-DC1,2025-06-26,69
S011,YYZ-DC1,2025-05-05,60
S011,YYZ-DC1,2025-05-16,74
S011,YYZ-DC1,2025-05-25,116
S011,YYZ-DC1,2025-06-05,21
S011,YYZ-DC1,2025-06-16,99
S011,YYZ-DC1,2025-06-27,104
S012,YYZ-DC1,2025-05-11,60
S012,YYZ-DC1,2025-05-17,14
S012,YYZ-DC1,2025-05-24,42
S012,YYZ-DC1,2025-06-04,97
S012,YYZ-DC1,2025-06-12,43
S012,YYZ-DC1,2025-06-23,35
S012,YYZ-DC1,2025-06-28,69
S013,YYZ-DC1,2025-05-07,126
S013,YYZ-DC1,2025-05-18,87
S013,YYZ-DC1,2025-05-25,85
S013,YYZ-DC1,2025-06-01,41
S013,YYZ-DC1,2025-06-12,85
S013,YYZ-DC1,2025-06-17,61
S013,YYZ-DC1,2025-06-22,60
S013,YYZ-DC1,2025-06-27,67
S014,YYZ-DC1,2025-05-06,62
S014,YYZ-DC1,2025-05-17,56
S014,YYZ-DC1,2025-05-28,62
S014,YYZ-DC1,2025-06-04,56
S014,YYZ-DC1,2025-06-13,143
S014,YYZ-DC1,2025-06-18,74
S014,YYZ-DC1,2025-06-25,116
S015,YYZ-DC1,2025-05-08,114
S015,YYZ-DC1,2025-05-13,69
S015,YYZ-DC1,2025-05-21,61
S015,YYZ-DC1,2025-06-01,53
S015,YYZ-DC1,2025-06-10,92
S015,YYZ-DC1,2025-06-21,61
S015,YYZ-DC1,2025-06-28,51
S016,YYZ-DC1,2025-05-05,79
S016,YYZ-DC1,2025-05-15,88
S016,YYZ-DC1,2025-05-20,94
S016,YYZ-DC1,2025-05-26,88
S016,YYZ-DC1,2025-06-04,96
S016,YYZ-DC1,2025-06-15,63
S016,YYZ-DC1,2025-06-22,68
S016,YYZ-DC1,2025-06-29,108
S017,YYZ-DC1,2025-05-09,93
S017,YYZ-DC1,2025-05-17,7
S017,YYZ-DC1,2025-05-24,118
S017,YYZ-DC1,2025-05-30,52
S017,YYZ-DC1,2025-06-10,105
S017,YYZ-DC1,2025-06-19,76
S017,YYZ-DC1,2025-06-25,67
S018,YYZ-DC1,2025-05-05,62
S018,YYZ-DC1,2025-05-12,106
S018,YYZ-DC1,2025-05-21,36
S018,YYZ-DC1,2025-05-28,45
S018,YYZ-DC1,2025-06-04,39
S018,YYZ-DC1,2025-06-14,54
S018,YYZ-DC1,2025-06-22,94
S018,YYZ-DC1,2025-06-29,102
S019,YYZ-DC1,2025-05-06,69
S019,YYZ-DC1,2025-05-17,83
S019,YYZ-DC1,2025-05-26,92
S019,YYZ-DC1,2025-06-01,74
S019,YYZ-DC1,2025-06-11,67
S019,YYZ-DC1,2025-06-17,80
S019,YYZ-DC1,2025-06-28,60
S020,YYZ-DC1,2025-05-06,79
S020,YYZ-DC1,2025-05-16,132
S020,YYZ-DC1,2025-05-23,68
S020,YYZ-DC1,2025-06-01,84
S020,YYZ-DC1,2025-06-12,98
S020,YYZ-DC1,2025-06-21,87
S021,YYZ-DC1,2025-05-06,97
S021,YYZ-DC1,2025-05-17,73
S021,YYZ-DC1,2025-05-22,87
S021,YYZ-DC1,2025-05-31,63
S021,YYZ-DC1,2025-06-09,43
S021,YYZ-DC1,2025-06-19,66
S021,YYZ-DC1,2025-06-26,84
S022,YYZ-DC1,2025-05-07,86
S022,YYZ-DC1,2025-05-13,68
S022,YYZ-DC1,2025-05-22,80
S022,YYZ-DC1,2025-06-01,76
S022,YYZ-DC1,2025-06-07,52
S022,YYZ-DC1,2025-06-16,112
S022,YYZ-DC1,2025-06-24,85
S023,YYZ-DC1,2025-05-07,51
S023,YYZ-DC1,2025-05-14,69
S023,YYZ-DC1,2025-05-25,85
S023,YYZ-DC1,2025-06-02,45
S023,YYZ-DC1,2025-06-11,61
S023,YYZ-DC1,2025-06-19,87
S023,YYZ-DC1,2025-06-27,80
S024,YYZ-DC1,2025-05-09,81
S024,YYZ-DC1,2025-05-20,83
S024,YYZ-DC1,2025-05-31,91
S024,YYZ-DC1,2025-06-09,93
S024,YYZ-DC1,2025-06-19,38
S024,YYZ-DC1,2025-06-24,30
S025,YYZ-DC1,2025-05-10,79
S025,YYZ-DC1,2025-05-20,54
S025,YYZ-DC1,2025-05-26,97
S025,YYZ-DC1,2025-06-05,99
S025,YYZ-DC1,2025-06-16,62
S025,YYZ-DC1,2025-06-21,113
S025,YYZ-DC1,2025-06-28,103
S026,YYZ-DC1,2025-05-07,105
S026,YYZ-DC1,2025-05-16,91
S026,YYZ-DC1,2025-05-22,12
S026,YYZ-DC1,2025-05-27,52
S026,YYZ-DC1,2025-06-01,118
S026,YYZ-DC1,2025-06-10,93
S026,YYZ-DC1,2025-06-19,94
S026,YYZ-DC1,2025-06-29,61
S027,YYZ-DC1,2025-05-11,66
S027,YYZ-DC1,2025-05-16,65
S027,YYZ-DC1,2025-05-26,83
S027,YYZ-DC1,2025-06-02,46
S027,YYZ-DC1,2025-06-07,54
S027,YYZ-DC1,2025-06-14,77
S027,YYZ-DC1,2025-06-23,52
S028,YYZ-DC1,2025-05-06,67
S028,YYZ-DC1,2025-05-12,60
S028,YYZ-DC1,2025-05-21,52
S028,YYZ-DC1,2025-05-31,132
S028,YYZ-DC1,2025-06-10,129
S028,YYZ-DC1,2025-06-17,79
S028,YYZ-DC1,2025-06-22,56
S029,YYZ-DC1,2025-05-11,115
S029,YYZ-DC1,2025-05-21,56
S029,YYZ-DC1,2025-05-28,73
S029,YYZ-DC1,2025-06-05,88
S029,YYZ-DC1,2025-06-14,63
S029,YYZ-DC1,2025-06-23,89
S030,YYZ-DC1,2025-05-10,97
S030,YYZ-DC1,2025-05-17,61
S030,YYZ-DC1,2025-05-22,74
S030,YYZ-DC1,2025-05-31,59
S030,YYZ-DC1,2025-06-06,55
S030,YYZ-DC1,2025-06-13,48
S030,YYZ-DC1,2025-06-24,83
S031,YYZ-DC1,2025-05-08,69
S031,YYZ-DC1,2025-05-18,61
S031,YYZ-DC1,2025-05-28,82
S031,YYZ-DC1,2025-06-06,74
S031,YYZ-DC1,2025-06-17,108
S031,YYZ-DC1,2025-06-22,75
S032,YYZ-DC1,2025-05-07,82
S032,YYZ-DC1,2025-05-17,100
S032,YYZ-DC1,2025-05-24,99
S032,YYZ-DC1,2025-06-04,122
S032,YYZ-DC1,2025-06-11,92
S032,YYZ-DC1,2025-06-20,101
S032,YYZ-DC1,2025-06-25,60
S033,YYZ-DC1,2025-05-09,109
S033,YYZ-DC1,2025-05-18,93
S033,YYZ-DC1,2025-05-24,100
S033,YYZ-DC1,2025-05-30,76
S033,YYZ-DC1,2025-06-07,125
S033,YYZ-DC1,2025-06-18,92
S033,YYZ-DC1,2025-06-26,93
S034,YYZ-DC1,2025-05-10,75
S034,YYZ-DC1,2025-05-16,70
S034,YYZ-DC1,2025-05-24,46
S034,YYZ-DC1,2025-05-30,68
S034,YYZ-DC1,2025-06-06,98
S034,YYZ-DC1,2025-06-15,83
S034,YYZ-DC1,2025-06-26,117
S035,YYZ-DC1,2025-05-08,118
S035,YYZ-DC1,2025-05-16,62
S035,YYZ-DC1,2025-05-21,129
S035,YYZ-DC1,2025-05-28,91
S035,YYZ-DC1,2025-06-08,99
S035,YYZ-DC1,2025-06-19,111
S035,YYZ-DC1,2025-06-27,103
S036,YYZ-DC1,2025-05-09,100
S036,YYZ-DC1,2025-05-16,84
S036,YYZ-DC1,2025-05-23,92
S036,YYZ-DC1,2025-05-28,55
S036,YYZ-DC1,2025-06-02,61
S036,YYZ-DC1,2025-06-09,88
S036,YYZ-DC1,2025-06-18,17
S036,YYZ-DC1,2025-06-24,114
S037,YYZ-DC1,2025-05-05,87
S037,YYZ-DC1,2025-05-16,59
S037,YYZ-DC1,2025-05-25,82
S037,YYZ-DC1,2025-06-02,99
S037,YYZ-DC1,2025-06-09,100
S037,YYZ-DC1,2025-06-15,60
S037,YYZ-DC1,2025-06-23,49
S037,YYZ-DC1,2025-06-28,101
S038,YYZ-DC1,2025-05-11,34
S038,YYZ-DC1,2025-05-20,100
S038,YYZ-DC1,2025-05-28,80
S038,YYZ-DC1,2025-06-03,129
S038,YYZ-DC1,2025-06-08,91
S038,YYZ-DC1,2025-06-15,106
S038,YYZ-DC1,2025-06-26,59
S039,YYZ-DC1,2025-05-08,81
S039,YYZ-DC1,2025-05-18,83
S039,YYZ-DC1,2025-05-23,75
S039,YYZ-DC1,2025-06-03,58
S039,YYZ-DC1,2025-06-13,46
S039,YYZ-DC1,2025-06-19,102
S040,YYZ-DC1,2025-05-06,71
S040,YYZ-DC1,2025-05-12,95
S040,YYZ-DC1,2025-05-21,60
S040,YYZ-DC1,2025-05-30,113
S040,YYZ-DC1,2025-06-08,71
S040,YYZ-DC1,2025-06-16,69
S040,YYZ-DC1,2025-06-21,132
S001,OTT-DC2,2025-05-06,89
S001,OTT-DC2,2025-05-13,115
S001,OTT-DC2,2025-05-23,46
S001,OTT-DC2,2025-05-29,105
S001,OTT-DC2,2025-06-07,111
S001,OTT-DC2,2025-06-15,35
S001,OTT-DC2,2025-06-25,114
S002,OTT-DC2,2025-05-05,43
S002,OTT-DC2,2025-05-15,111
S002,OTT-DC2,2025-05-22,73
S002,OTT-DC2,2025-06-01,62
S002,OTT-DC2,2025-06-07,129
S002,OTT-DC2,2025-06-14,79
S002,OTT-DC2,2025-06-25,105
S003,OTT-DC2,2025-05-08,76
S003,OTT-DC2,2025-05-17,42
S003,OTT-DC2,2025-05-25,89
S003,OTT-DC2,2025-06-03,46
S003,OTT-DC2,2025-06-14,70
S003,OTT-DC2,2025-06-21,61
S004,OTT-DC2,2025-05-10,99
S004,OTT-DC2,2025-05-15,87
S004,OTT-DC2,2025-05-21,86
S004,OTT-DC2,2025-06-01,71
S004,OTT-DC2,2025-06-12,80
S004,OTT-DC2,2025-06-22,89
S004,OTT-DC2,2025-06-29,55
S005,OTT-DC2,2025-05-05,82
S005,OTT-DC2,2025-05-11,104
S005,OTT-DC2,2025-05-16,63
S005,OTT-DC2,2025-05-21,119
S005,OTT-DC2,2025-05-28,110
S005,OTT-DC2,2025-06-07,91
S005,OTT-DC2,2025-06-12,96
S005,OTT-DC2,2025-06-19,75
S005,OTT-DC2,2025-06-24,68
S006,OTT-DC2,2025-05-10,44
S006,OTT-DC2,2025-05-18,58
S006,OTT-DC2,2025-05-27,91
S006,OTT-DC2,2025-06-01,68
S006,OTT-DC2,2025-06-08,64
S006,OTT-DC2,2025-06-16,92
S006,OTT-DC2,2025-06-21,89
S007,OTT-DC2,2025-05-10,83
S007,OTT-DC2,2025-05-20,88
S007,OTT-DC2,2025-05-28,93
S007,OTT-DC2,2025-06-05,82
S007,OTT-DC2,2025-06-12,134
S007,OTT-DC2,2025-06-21,74
S007,OTT-DC2,2025-06-27,34
S008,OTT-DC2,2025-05-11,67
S008,OTT-DC2,2025-05-17,69
S008,OTT-DC2,2025-05-26,75
S008,OTT-DC2,2025-05-31,112
S008,OTT-DC2,2025-06-08,52
S008,OTT-DC2,2025-06-19,71
S008,OTT-DC2,2025-06-25,109
S009,OTT-DC2,2025-05-10,93
S009,OTT-DC2,2025-05-19,102
S009,OTT-DC2,2025-05-26,69
S009,OTT-DC2,2025-06-01,54
S009,OTT-DC2,2025-06-10,30
S009,OTT-DC2,2025-06-21,78
S009,OTT-DC2,2025-06-26,48
S010,OTT-DC2,2025-05-11,52
S010,OTT-DC2,2025-05-16,87
S010,OTT-DC2,2025-05-26,100
S010,OTT-DC2,2025-06-04,87
S010,OTT-DC2,2025-06-15,67
S010,OTT-DC2,2025-06-25,88
S011,OTT-DC2,2025-05-09,85
S011,OTT-DC2,2025-05-15,79
S011,OTT-DC2,2025-05-21,98
S011,OTT-DC2,2025-06-01,67
S011,OTT-DC2,2025-06-11,82
S011,OTT-DC2,2025-06-18,84
S011,OTT-DC2,2025-06-24,53
S012,OTT-DC2,2025-05-10,72
S012,OTT-DC2,2025-05-18,81
S012,OTT-DC2,2025-05-23,126
S012,OTT-DC2,2025-06-03,43
S012,OTT-DC2,2025-06-10,80
S012,OTT-DC2,2025-06-18,122
S012,OTT-DC2,2025-06-29,91
S013,OTT-DC2,2025-05-09,65
S013,OTT-DC2,2025-05-19,65
S013,OTT-DC2,2025-05-27,86
S013,OTT-DC2,2025-06-01,150
S013,OTT-DC2,2025-06-08,111
S013,OTT-DC2,2025-06-14,84
S013,OTT-DC2,2025-06-23,57
S014,OTT-DC2,2025-05-05,121
S014,OTT-DC2,2025-05-14,58
S014,OTT-DC2,2025-05-22,82
S014,OTT-DC2,2025-05-31,77
S014,OTT-DC2,2025-06-08,62
S014,OTT-DC2,2025-06-14,127
S014,OTT-DC2,2025-06-22,84
S015,OTT-DC2,2025-05-05,98
S015,OTT-DC2,2025-05-14,99
S015,OTT-DC2,2025-05-25,87
S015,OTT-DC2,2025-06-01,106
S015,OTT-DC2,2025-06-10,86
S015,OTT-DC2,2025-06-21,5
S016,OTT-DC2,2025-05-11,98
S016,OTT-DC2,2025-05-17,82
S016,OTT-DC2,2025-05-24,131
S016,OTT-DC2,2025-06-02,82
S016,OTT-DC2,2025-06-13,99
S016,OTT-DC2,2025-06-24,65
S017,OTT-DC2,2025-05-07,72
S017,OTT-DC2,2025-05-16,82
S017,OTT-DC2,2025-05-22,56
S017,OTT-DC2,2025-06-01,76
S017,OTT-DC2,2025-06-08,93
S017,OTT-DC2,2025-06-19,88
S017,OTT-DC2,2025-06-24,57
S018,OTT-DC2,2025-05-07,70
S018,OTT-DC2,2025-05-12,102
S018,OTT-DC2,2025-05-20,89
S018,OTT-DC2,2025-05-31,97
S018,OTT-DC2,2025-06-10,91
S018,OTT-DC2,2025-06-20,83
S018,OTT-DC2,2025-06-25,64
S019,OTT-DC2,2025-05-11,82
S019,OTT-DC2,2025-05-17,109
S019,OTT-DC2,2025-05-23,90
S019,OTT-DC2,2025-05-30,49
S019,OTT-DC2,2025-06-04,92
S019,OTT-DC2,2025-06-15,57
S019,OTT-DC2,2025-06-21,68
S019,OTT-DC2,2025-06-29,49
S020,OTT-DC2,2025-05-05,84
S020,OTT-DC2,2025-05-11,64
S020,OTT-DC2,2025-05-17,74
S020,OTT-DC2,2025-05-25,115
S020,OTT-DC2,2025-06-05,71
S020,OTT-DC2,2025-06-13,69
S020,OTT-DC2,2025-06-21,73
S021,OTT-DC2,2025-05-07,74
S021,OTT-DC2,2025-05-14,82
S021,OTT-DC2,2025-05-21,128
S021,OTT-DC2,2025-05-31,69
S021,OTT-DC2,2025-06-05,62
S021,OTT-DC2,2025-06-12,84
S021,OTT-DC2,2025-06-18,87
S021,OTT-DC2,2025-06-29,80
S022,OTT-DC2,2025-05-07,59
S022,OTT-DC2,2025-05-18,123
S022,OTT-DC2,2025-05-25,40
S022,OTT-DC2,2025-06-01,82
S022,OTT-DC2,2025-06-07,98
S022,OTT-DC2,2025-06-12,86
S022,OTT-DC2,2025-06-21,70
S022,OTT-DC2,2025-06-28,69
S023,OTT-DC2,2025-05-10,89
S023,OTT-DC2,2025-05-17,121
S023,OTT-DC2,2025-05-26,39
S023,OTT-DC2,2025-06-05,60
S023,OTT-DC2,2025-06-12,86
S023,OTT-DC2,2025-06-21,115
S024,OTT-DC2,2025-05-10,75
S024,OTT-DC2,2025-05-18,79
S024,OTT-DC2,2025-05-25,4
S024,OTT-DC2,2025-06-05,41
S024,OTT-DC2,2025-06-16,118
S024,OTT-DC2,2025-06-22,108
S025,OTT-DC2,2025-05-07,61
S025,OTT-DC2,2025-05-17,86
S025,OTT-DC2,2025-05-23,60
S025,OTT-DC2,2025-05-30,85
S025,OTT-DC2,2025-06-07,87
S025,OTT-DC2,2025-06-15,39
S025,OTT-DC2,2025-06-24,26
S026,OTT-DC2,2025-05-08,72
S026,OTT-DC2,2025-05-13,97
S026,OTT-DC2,2025-05-21,52
S026,OTT-DC2,2025-05-26,96
S026,OTT-DC2,2025-06-03,119
S026,OTT-DC2,2025-06-09,60
S026,OTT-DC2,2025-06-16,78
S026,OTT-DC2,2025-06-25,39
S027,OTT-DC2,2025-05-10,101
S027,OTT-DC2,2025-05-21,51
S027,OTT-DC2,2025-05-28,83
S027,OTT-DC2,2025-06-05,8
S027,OTT-DC2,2025-06-14,79
S027,OTT-DC2,2025-06-24,100
S028,OTT-DC2,2025-05-10,123
S028,OTT-DC2,2025-05-19,103
S028,OTT-DC2,2025-05-26,84
S028,OTT-DC2,2025-06-03,99
S028,OTT-DC2,2025-06-14,53
S028,OTT-DC2,2025-06-20,63
S028,OTT-DC2,2025-06-27,140
S029,OTT-DC2,2025-05-06,102
S029,OTT-DC2,2025-05-13,85
S029,OTT-DC2,2025-05-20,82
S029,OTT-DC2,2025-05-30,58
S029,OTT-DC2,2025-06-09,93
S029,OTT-DC2,2025-06-15,84
S029,OTT-DC2,2025-06-20,81
S029,OTT-DC2,2025-06-25,112
S030,OTT-DC2,2025-05-08,39
S030,OTT-DC2,2025-05-15,69
S030,OTT-DC2,2025-05-23,125
S030,OTT-DC2,2025-06-02,65
S030,OTT-DC2,2025-06-09,110
S030,OTT-DC2,2025-06-18,52
S030,OTT-DC2,2025-06-25,37
S031,OTT-DC2,2025-05-10,114
S031,OTT-DC2,2025-05-16,107
S031,OTT-DC2,2025-05-23,133
S031,OTT-DC2,2025-05-30,86
S031,OTT-DC2,2025-06-06,55
S031,OTT-DC2,2025-06-17,95
S031,OTT-DC2,2025-06-27,81
S032,OTT-DC2,2025-05-08,87
S032,OTT-DC2,2025-05-13,86
S032,OTT-DC2,2025-05-23,95
S032,OTT-DC2,2025-05-28,61
S032,OTT-DC2,2025-06-06,92
S032,OTT-DC2,2025-06-13,107
S032,OTT-DC2,2025-06-24,77
S033,OTT-DC2,2025-05-08,73
S033,OTT-DC2,2025-05-19,68
S033,OTT-DC2,2025-05-30,101
S033,OTT-DC2,2025-06-05,87
S033,OTT-DC2,2025-06-15,56
S033,OTT-DC2,2025-06-25,99
S034,OTT-DC2,2025-05-09,62
S034,OTT-DC2,2025-05-19,54
S034,OTT-DC2,2025-05-30,54
S034,OTT-DC2,2025-06-07,135
S034,OTT-DC2,2025-06-12,55
S034,OTT-DC2,2025-06-21,99
S034,OTT-DC2,2025-06-29,43
S035,OTT-DC2,2025-05-09,77
S035,OTT-DC2,2025-05-19,71
S035,OTT-DC2,2025-05-25,83
S035,OTT-DC2,2025-06-04,86
S035,OTT-DC2,2025-06-12,77
S035,OTT-DC2,2025-06-21,66
S036,OTT-DC2,2025-05-09,103
S036,OTT-DC2,2025-05-14,115
S036,OTT-DC2,2025-05-21,88
S036,OTT-DC2,2025-06-01,63
S036,OTT-DC2,2025-06-08,41
S036,OTT-DC2,2025-06-13,114
S036,OTT-DC2,2025-06-21,71
S037,OTT-DC2,2025-05-11,89
S037,OTT-DC2,2025-05-17,123
S037,OTT-DC2,2025-05-27,38
S037,OTT-DC2,2025-06-03,80
S037,OTT-DC2,2025-06-12,101
S037,OTT-DC2,2025-06-23,90
S037,OTT-DC2,2025-06-29,53
S038,OTT-DC2,2025-05-08,52
S038,OTT-DC2,2025-05-18,108
S038,OTT-DC2,2025-05-28,89
S038,OTT-DC2,2025-06-03,83
S038,OTT-DC2,2025-06-09,62
S038,OTT-DC2,2025-06-18,57
S038,OTT-DC2,2025-06-24,63
S039,OTT-DC2,2025-05-11,76
S039,OTT-DC2,2025-05-16,93
S039,OTT-DC2,2025-05-22,40
S039,OTT-DC2,2025-05-31,61
S039,OTT-DC2,2025-06-07,108
S039,OTT-DC2,2025-06-17,92
S039,OTT-DC2,2025-06-24,81
S040,OTT-DC2,2025-05-07,88
S040,OTT-DC2,2025-05-15,128
S040,OTT-DC2,2025-05-20,58
S040,OTT-DC2,2025-05-31,53
S040,OTT-DC2,2025-06-10,94
S040,OTT-DC2,2025-06-16,88
S040,OTT-DC2,2025-06-22,126
S001,MTL-DC3,2025-05-09,91
S001,MTL-DC3,2025-05-15,124
S001,MTL-DC3,2025-05-20,79
S001,MTL-DC3,2025-05-29,18
S001,MTL-DC3,2025-06-06,89
S001,MTL-DC3,2025-06-12,90
S001,MTL-DC3,2025-06-18,67
S001,MTL-DC3,2025-06-28,80
S002,MTL-DC3,2025-05-05,63
S002,MTL-DC3,2025-05-12,76
S002,MTL-DC3,2025-05-17,69
S002,MTL-DC3,2025-05-26,65
S002,MTL-DC3,2025-06-05,69
S002,MTL-DC3,2025-06-14,85
S002,MTL-DC3,2025-06-23,124
S003,MTL-DC3,2025-05-09,74
S003,MTL-DC3,2025-05-17,45
S003,MTL-DC3,2025-05-28,118
S003,MTL-DC3,2025-06-02,61
S003,MTL-DC3,2025-06-11,65
S003,MTL-DC3,2025-06-22,68
S004,MTL-DC3,2025-05-05,77
S004,MTL-DC3,2025-05-10,55
S004,MTL-DC3,2025-05-17,60
S004,MTL-DC3,2025-05-22,116
S004,MTL-DC3,2025-06-02,151
S004,MTL-DC3,2025-06-10,58
S004,MTL-DC3,2025-06-15,57
S004,MTL-DC3,2025-06-23,117
S005,MTL-DC3,2025-05-10,129
S005,MTL-DC3,2025-05-17,98
S005,MTL-DC3,2025-05-23,63
S005,MTL-DC3,2025-05-28,114
S005,MTL-DC3,2025-06-08,95
S005,MTL-DC3,2025-06-13,113
S005,MTL-DC3,2025-06-21,65
S006,MTL-DC3,2025-05-07,38
S006,MTL-DC3,2025-05-13,79
S006,MTL-DC3,2025-05-23,43
S006,MTL-DC3,2025-05-29,85
S006,MTL-DC3,2025-06-05,82
S006,MTL-DC3,2025-06-15,50
S006,MTL-DC3,2025-06-25,49
S007,MTL-DC3,2025-05-06,89
S007,MTL-DC3,2025-05-17,78
S007,MTL-DC3,2025-05-28,44
S007,MTL-DC3,2025-06-07,50
S007,MTL-DC3,2025-06-15,98
S007,MTL-DC3,2025-06-21,88
S007,MTL-DC3,2025-06-26,102
S008,MTL-DC3,2025-05-09,59
S008,MTL-DC3,2025-05-14,55
S008,MTL-DC3,2025-05-24,74
S008,MTL-DC3,2025-06-02,112
S008,MTL-DC3,2025-06-07,90
S008,MTL-DC3,2025-06-18,128
S008,MTL-DC3,2025-06-26,85
S009,MTL-DC3,2025-05-11,60
S009,MTL-DC3,2025-05-19,74
S009,MTL-DC3,2025-05-25,57
S009,MTL-DC3,2025-05-31,94
S009,MTL-DC3,2025-06-11,69
S009,MTL-DC3,2025-06-16,71
S009,MTL-DC3,2025-06-21,80
S009,MTL-DC3,2025-06-26,65
S010,MTL-DC3,2025-05-09,105
S010,MTL-DC3,2025-05-18,38
S010,MTL-DC3,2025-05-29,103
S010,MTL-DC3,2025-06-08,60
S010,MTL-DC3,2025-06-18,25
S010,MTL-DC3,2025-06-27,95
S011,MTL-DC3,2025-05-07,103
S011,MTL-DC3,2025-05-13,93
S011,MTL-DC3,2025-05-21,118
S011,MTL-DC3,2025-05-26,118
S011,MTL-DC3,2025-06-01,57
S011,MTL-DC3,2025-06-07,2
S011,MTL-DC3,2025-06-17,63
S011,MTL-DC3,2025-06-22,87
S012,MTL-DC3,2025-05-08,81
S012,MTL-DC3,2025-05-16,115
S012,MTL-DC3,2025-05-23,99
S012,MTL-DC3,2025-05-30,39
S012,MTL-DC3,2025-06-09,69
S012,MTL-DC3,2025-06-14,129
S012,MTL-DC3,2025-06-24,112
S012,MTL-DC3,2025-06-29,77
S013,MTL-DC3,2025-05-11,69
S013,MTL-DC3,2025-05-21,95
S013,MTL-DC3,2025-05-26,77
S013,MTL-DC3,2025-06-06,91
S013,MTL-DC3,2025-06-13,116
S013,MTL-DC3,2025-06-23,89
S014,MTL-DC3,2025-05-08,102
S014,MTL-DC3,2025-05-19,28
S014,MTL-DC3,2025-05-27,82
S014,MTL-DC3,2025-06-02,115
S014,MTL-DC3,2025-06-12,69
S014,MTL-DC3,2025-06-20,98
S015,MTL-DC3,2025-05-10,68
S015,MTL-DC3,2025-05-15,102
S015,MTL-DC3,2025-05-22,92
S015,MTL-DC3,2025-05-30,64
S015,MTL-DC3,2025-06-04,58
S015,MTL-DC3,2025-06-09,22
S015,MTL-DC3,2025-06-16,70
S015,MTL-DC3,2025-06-22,68
S015,MTL-DC3,2025-06-27,148
S016,MTL-DC3,2025-05-05,142
S016,MTL-DC3,2025-05-10,85
S016,MTL-DC3,2025-05-20,130
S016,MTL-DC3,2025-05-28,43
S016,MTL-DC3,2025-06-06,69
S016,MTL-DC3,2025-06-11,112
S016,MTL-DC3,2025-06-20,87
S016,MTL-DC3,2025-06-29,47
S017,MTL-DC3,2025-05-10,70
S017,MTL-DC3,2025-05-18,65
S017,MTL-DC3,2025-05-29,84
S017,MTL-DC3,2025-06-07,96
S017,MTL-DC3,2025-06-16,68
S017,MTL-DC3,2025-06-27,70
S018,MTL-DC3,2025-05-06,36
S018,MTL-DC3,2025-05-16,101
S018,MTL-DC3,2025-05-25,66
S018,MTL-DC3,2025-06-04,107
S018,MTL-DC3,2025-06-15,134
S018,MTL-DC3,2025-06-26,43
S019,MTL-DC3,2025-05-06,93
S019,MTL-DC3,2025-05-17,70
S019,MTL-DC3,2025-05-26,66
S019,MTL-DC3,2025-06-01,76
S019,MTL-DC3,2025-06-07,88
S019,MTL-DC3,2025-06-17,60
S019,MTL-DC3,2025-06-25,43
S020,MTL-DC3,2025-05-08,120
S020,MTL-DC3,2025-05-13,89
S020,MTL-DC3,2025-05-22,87
S020,MTL-DC3,2025-05-27,47
S020,MTL-DC3,2025-06-06,96
S020,MTL-DC3,2025-06-15,91
S020,MTL-DC3,2025-06-26,47
S021,MTL-DC3,2025-05-09,39
S021,MTL-DC3,2025-05-19,122
S021,MTL-DC3,2025-05-28,90
S021,MTL-DC3,2025-06-07,98
S021,MTL-DC3,2025-06-18,94
S021,MTL-DC3,2025-06-24,113
S022,MTL-DC3,2025-05-05,29
S022,MTL-DC3,2025-05-13,89
S022,MTL-DC3,2025-05-23,121
S022,MTL-DC3,2025-06-02,79
S022,MTL-DC3,2025-06-12,80
S022,MTL-DC3,2025-06-23,115
S022,MTL-DC3,2025-06-28,47
S023,MTL-DC3,2025-05-10,127
S023,MTL-DC3,2025-05-18,48
S023,MTL-DC3,2025-05-24,121
S023,MTL-DC3,2025-06-03,97
S023,MTL-DC3,2025-06-13,76
S023,MTL-DC3,2025-06-24,68
S024,MTL-DC3,2025-05-09,57
S024,MTL-DC3,2025-05-16,101
S024,MTL-DC3,2025-05-21,70
S024,MTL-DC3,2025-05-28,56
S024,MTL-DC3,2025-06-03,65
S024,MTL-DC3,2025-06-12,85
S024,MTL-DC3,2025-06-21,137
S024,MTL-DC3,2025-06-29,109
S025,MTL-DC3,2025-05-10,93
S025,MTL-DC3,2025-05-15,89
S025,MTL-DC3,2025-05-23,69
S025,MTL-DC3,2025-06-03,90
S025,MTL-DC3,2025-06-13,59
S025,MTL-DC3,2025-06-21,73
S025,MTL-DC3,2025-06-28,115
S026,MTL-DC3,2025-05-08,66
S026,MTL-DC3,2025-05-16,17
S026,MTL-DC3,2025-05-27,90
S026,MTL-DC3,2025-06-04,81
S026,MTL-DC3,2025-06-09,97
S026,MTL-DC3,2025-06-20,63
S026,MTL-DC3,2025-06-26,74
S027,MTL-DC3,2025-05-11,106
S027,MTL-DC3,2025-05-16,88
S027,MTL-DC3,2025-05-21,72
S027,MTL-DC3,2025-05-29,32
S027,MTL-DC3,2025-06-09,85
S027,MTL-DC3,2025-06-20,62
S028,MTL-DC3,2025-05-06,104
S028,MTL-DC3,2025-05-14,52
S028,MTL-DC3,2025-05-23,53
S028,MTL-DC3,2025-05-29,67
S028,MTL-DC3,2025-06-09,72
S028,MTL-DC3,2025-06-19,103
S028,MTL-DC3,2025-06-24,112
S029,MTL-DC3,2025-05-09,73
S029,MTL-DC3,2025-05-17,90
S029,MTL-DC3,2025-05-23,92
S029,MTL-DC3,2025-06-02,100
S029,MTL-DC3,2025-06-10,43
S029,MTL-DC3,2025-06-21,108
S030,MTL-DC3,2025-05-07,103
S030,MTL-DC3,2025-05-16,131
S030,MTL-DC3,2025-05-27,52
S030,MTL-DC3,2025-06-04,88
S030,MTL-DC3,2025-06-15,49
S030,MTL-DC3,2025-06-25,81
S031,MTL-DC3,2025-05-05,26
S031,MTL-DC3,2025-05-13,91
S031,MTL-DC3,2025-05-22,55
S031,MTL-DC3,2025-06-01,59
S031,MTL-DC3,2025-06-12,111
S031,MTL-DC3,2025-06-21,104
S031,MTL-DC3,2025-06-26,74
S032,MTL-DC3,2025-05-10,124
S032,MTL-DC3,2025-05-15,35
S032,MTL-DC3,2025-05-25,76
S032,MTL-DC3,2025-06-01,60
S032,MTL-DC3,2025-06-08,37
S032,MTL-DC3,2025-06-15,85
S032,MTL-DC3,2025-06-20,76
S032,MTL-DC3,2025-06-25,88
S033,MTL-DC3,2025-05-11,66
S033,MTL-DC3,2025-05-21,113
S033,MTL-DC3,2025-05-31,76
S033,MTL-DC3,2025-06-05,97
S033,MTL-DC3,2025-06-14,37
S033,MTL-DC3,2025-06-22,97
S033,MTL-DC3,2025-06-28,126
S034,MTL-DC3,2025-05-09,63
S034,MTL-DC3,2025-05-19,123
S034,MTL-DC3,2025-05-28,72
S034,MTL-DC3,2025-06-03,77
S034,MTL-DC3,2025-06-11,42
S034,MTL-DC3,2025-06-19,96
S034,MTL-DC3,2025-06-28,71
S035,MTL-DC3,2025-05-09,80
S035,MTL-DC3,2025-05-20,84
S035,MTL-DC3,2025-05-31,95
S035,MTL-DC3,2025-06-08,80
S035,MTL-DC3,2025-06-16,83
S035,MTL-DC3,2025-06-27,45
S036,MTL-DC3,2025-05-09,52
S036,MTL-DC3,2025-05-20,54
S036,MTL-DC3,2025-05-30,87
S036,MTL-DC3,2025-06-09,126
S036,MTL-DC3,2025-06-17,51
S036,MTL-DC3,2025-06-25,67
S037,MTL-DC3,2025-05-06,101
S037,MTL-DC3,2025-05-11,64
S037,MTL-DC3,2025-05-21,72
S037,MTL-DC3,2025-05-28,104
S037,MTL-DC3,2025-06-03,84
S037,MTL-DC3,2025-06-11,56
S037,MTL-DC3,2025-06-21,64
S038,MTL-DC3,2025-05-06,31
S038,MTL-DC3,2025-05-15,67
S038,MTL-DC3,2025-05-23,66
S038,MTL-DC3,2025-06-01,122
S038,MTL-DC3,2025-06-12,65
S038,MTL-DC3,2025-06-19,103
S038,MTL-DC3,2025-06-28,84
S039,MTL-DC3,2025-05-11,111
S039,MTL-DC3,2025-05-22,91
S039,MTL-DC3,2025-06-01,79
S039,MTL-DC3,2025-06-11,93
S039,MTL-DC3,2025-06-17,77
S039,MTL-DC3,2025-06-26,65
S040,MTL-DC3,2025-05-09,65
S040,MTL-DC3,2025-05-20,129
S040,MTL-DC3,2025-05-30,30
S040,MTL-DC3,2025-06-09,109
S040,MTL-DC3,2025-06-14,103
S040,MTL-DC3,2025-06-24,45
