Date,VehicleID,FuelLiters,DistanceKm
2025-04-01,V001,16.98,135.9
2025-04-02,V001,9.9,88.8
2025-04-03,V001,13.39,104.6
2025-04-04,V001,15.69,130.7
2025-04-05,V001,6.12,49.7
2025-04-06,V001,16.58,151.9
2025-04-07,V001,18.62,164.5
2025-04-08,V001,19.07,169.5
2025-04-09,V001,12.8,113.0
2025-04-10,V001,10.25,84.4
2025-04-11,V001,21.28,174.2
2025-04-12,V001,8.46,66.0
2025-04-13,V001,16.71,130.1
2025-04-14,V001,5.0,33.0
2025-04-15,V001,10.36,87.8
2025-04-16,V001,14.13,108.7
2025-04-17,V001,15.93,146.5
2025-04-18,V001,17.51,140.0
2025-04-19,V001,13.84,112.3
2025-04-20,V001,17.11,148.6
2025-04-21,V001,14.7,123.9
2025-04-22,V001,17.65,142.0
2025-04-23,V001,19.07,149.2
2025-04-24,V001,17.44,134.5
2025-04-25,V001,16.71,138.5
2025-04-26,V001,5.33,47.6
2025-04-27,V001,20.71,163.4
2025-04-28,V001,15.19,122.7
2025-04-29,V001,17.2,148.6
2025-04-30,V001,6.3,49.7
2025-05-01,V001,16.78,140.5
2025-05-02,V001,18.09,147.4
2025-05-03,V001,20.7,178.8
2025-05-04,V001,17.12,157.5
2025-05-05,V001,16.12,131.1
2025-05-06,V001,21.34,189.1
2025-05-07,V001,12.74,110.1
2025-05-08,V001,14.27,118.0
2025-05-09,V001,15.42,118.5
2025-05-10,V001,9.14,83.8
2025-05-11,V001,9.62,79.3
2025-05-12,V001,14.99,115.6
2025-05-13,V001,17.04,154.8
2025-05-14,V001,5.49,50.1
2025-05-15,V001,5.0,24.2
2025-05-16,V001,9.33,81.2
2025-05-17,V001,15.84,134.2
2025-05-18,V001,20.17,157.6
2025-05-19,V001,13.59,119.6
2025-05-20,V001,15.84,144.3
2025-05-21,V001,6.34,55.0
2025-05-22,V001,17.52,141.9
2025-05-23,V001,12.84,108.4
2025-05-24,V001,15.62,135.7
2025-05-25,V001,20.92,191.5
2025-05-26,V001,20.34,158.4
2025-05-27,V001,8.1,66.7
2025-05-28,V001,7.59,63.2
2025-05-29,V001,27.14,241.0
2025-05-30,V001,7.5,64.7
2025-05-31,V001,6.66,58.7
2025-06-01,V001,14.05,126.0
2025-06-02,V001,18.15,161.4
2025-06-03,V001,15.45,129.6
2025-06-04,V001,11.17,99.5
2025-06-05,V001,5.0,29.1
2025-06-06,V001,8.6,71.1
2025-06-07,V001,20.39,159.4
2025-06-08,V001,15.09,138.3
2025-06-09,V001,13.06,104.8
2025-06-10,V001,9.72,86.9
2025-06-11,V001,8.95,74.6
2025-06-12,V001,21.58,172.3
2025-06-13,V001,10.15,90.8
2025-06-14,V001,7.56,69.9
2025-06-15,V001,9.26,85.3
2025-06-16,V001,10.34,95.7
2025-06-17,V001,5.0,27.5
2025-06-18,V001,28.3,216.1
2025-06-19,V001,27.43,225.3
2025-06-20,V001,5.0,20.0
2025-06-21,V001,15.99,139.4
2025-06-22,V001,11.34,100.8
2025-06-23,V001,12.65,103.8
2025-06-24,V001,8.07,70.0
2025-06-25,V001,14.01,106.7
2025-06-26,V001,12.11,100.2
2025-06-27,V001,20.04,176.3
2025-06-28,V001,5.0,20.0
2025-06-29,V001,20.65,170.6
2025-04-01,V002,54.13,187.2
2025-04-02,V002,32.8,131.9
2025-04-03,V002,47.36,183.3
2025-04-04,V002,36.71,128.0
2025-04-05,V002,51.38,184.9
2025-04-06,V002,10.33,36.4
2025-04-07,V002,29.58,121.6
2025-04-08,V002,35.28,136.8
2025-04-09,V002,45.08,154.5
2025-04-10,V002,25.54,91.0
2025-04-11,V002,52.74,184.5
2025-04-12,V002,20.73,81.5
2025-04-13,V002,5.52,20.0
2025-04-14,V002,25.36,96.4
2025-04-15,V002,34.59,135.4
2025-04-16,V002,33.84,122.6
2025-04-17,V002,28.58,110.4
2025-04-18,V002,42.15,146.8
2025-04-19,V002,34.61,137.6
2025-04-20,V002,39.67,154.7
2025-04-21,V002,35.65,144.1
2025-04-22,V002,33.14,131.5
2025-04-23,V002,28.41,104.2
2025-04-24,V002,41.57,162.6
2025-04-25,V002,33.66,124.4
2025-04-26,V002,22.63,92.7
2025-04-27,V002,17.68,71.4
2025-04-28,V002,32.69,113.0
2025-04-29,V002,33.48,119.1
2025-04-30,V002,17.77,73.8
2025-05-01,V002,46.71,186.3
2025-05-02,V002,29.96,122.8
2025-05-03,V002,38.85,150.6
2025-05-04,V002,5.1,21.2
2025-05-05,V002,44.48,180.0
2025-05-06,V002,14.98,51.9
2025-05-07,V002,37.41,141.4
2025-05-08,V002,21.07,80.8
2025-05-09,V002,61.05,221.9
2025-05-10,V002,27.7,99.2
2025-05-11,V002,17.85,69.4
2025-05-12,V002,33.52,123.3
2025-05-13,V002,19.96,77.2
2025-05-14,V002,33.64,119.0
2025-05-15,V002,15.51,61.4
2025-05-16,V002,28.19,108.4
2025-05-17,V002,29.4,121.3
2025-05-18,V002,61.8,214.7
2025-05-19,V002,31.85,128.9
2025-05-20,V002,45.59,169.2
2025-05-21,V002,40.36,149.2
2025-05-22,V002,40.29,140.1
2025-05-23,V002,46.16,164.0
2025-05-24,V002,21.76,89.0
2025-05-25,V002,28.57,118.5
2025-05-26,V002,17.49,68.3
2025-05-27,V002,25.4,89.1
2025-05-28,V002,40.65,159.8
2025-05-29,V002,47.43,181.4
2025-05-30,V002,43.93,165.3
2025-05-31,V002,42.8,147.8
2025-06-01,V002,12.19,48.7
2025-06-02,V002,39.79,146.2
2025-06-03,V002,28.86,106.1
2025-06-04,V002,18.92,77.5
2025-06-05,V002,30.3,109.7
2025-06-06,V002,43.05,165.0
2025-06-07,V002,30.73,125.3
2025-06-08,V002,11.41,44.6
2025-06-09,V002,39.1,134.8
2025-06-10,V002,20.15,82.6
2025-06-11,V002,27.71,102.2
2025-06-12,V002,41.46,159.3
2025-06-13,V002,36.75,126.8
2025-06-14,V002,26.04,92.1
2025-06-15,V002,41.09,154.7
2025-06-16,V002,44.47,174.6
2025-06-17,V002,16.43,61.2
2025-06-18,V002,60.0,210.4
2025-06-19,V002,54.95,197.5
2025-06-20,V002,54.84,210.0
2025-06-21,V002,39.01,155.4
2025-06-22,V002,34.57,120.1
2025-06-23,V002,20.2,75.6
2025-06-24,V002,55.97,196.0
2025-06-25,V002,5.75,22.8
2025-06-26,V002,48.86,187.2
2025-06-27,V002,27.59,109.0
2025-06-28,V002,60.99,209.9
2025-06-29,V002,31.77,115.8
2025-04-01,V003,33.22,135.2
2025-04-02,V003,15.45,65.1
2025-04-03,V003,21.06,91.9
2025-04-04,V003,32.04,122.1
2025-04-05,V003,55.04,209.7
2025-04-06,V003,30.73,136.5
2025-04-07,V003,41.65,172.6
2025-04-08,V003,17.57,70.7
2025-04-09,V003,46.7,201.0
2025-04-10,V003,44.34,197.5
2025-04-11,V003,5.24,20.0
2025-04-12,V003,18.53,82.7
2025-04-13,V003,36.62,136.9
2025-04-14,V003,15.57,59.4
2025-04-15,V003,27.32,108.3
2025-04-16,V003,40.92,161.9
2025-04-17,V003,5.0,20.0
2025-04-18,V003,30.11,117.2
2025-04-19,V003,17.45,76.9
2025-04-20,V003,33.1,122.4
2025-04-21,V003,37.07,155.4
2025-04-22,V003,38.67,151.8
2025-04-23,V003,44.36,166.9
2025-04-24,V003,38.94,158.5
2025-04-25,V003,5.37,20.0
2025-04-26,V003,14.33,64.0
2025-04-27,V003,19.52,84.6
2025-04-28,V003,42.1,180.6
2025-04-29,V003,22.25,100.0
2025-04-30,V003,16.85,63.4
2025-05-01,V003,33.8,130.6
2025-05-02,V003,40.25,156.9
2025-05-03,V003,36.99,155.1
2025-05-04,V003,33.31,130.4
2025-05-05,V003,30.78,126.5
2025-05-06,V003,33.07,132.3
2025-05-07,V003,32.54,144.8
2025-05-08,V003,42.52,161.2
2025-05-09,V003,28.32,107.6
2025-05-10,V003,33.53,130.0
2025-05-11,V003,10.38,41.3
2025-05-12,V003,31.49,125.7
2025-05-13,V003,39.94,164.0
2025-05-14,V003,43.41,176.1
2025-05-15,V003,5.0,20.0
2025-05-16,V003,43.82,174.0
2025-05-17,V003,48.34,206.7
2025-05-18,V003,51.96,218.2
2025-05-19,V003,25.84,101.1
2025-05-20,V003,38.44,155.9
2025-05-21,V003,31.53,122.6
2025-05-22,V003,24.6,102.7
2025-05-23,V003,48.49,183.2
2025-05-24,V003,19.17,84.3
2025-05-25,V003,38.57,146.8
2025-05-26,V003,34.67,137.3
2025-05-27,V003,27.15,103.7
2025-05-28,V003,40.66,181.5
2025-05-29,V003,34.57,135.8
2025-05-30,V003,35.74,159.3
2025-05-31,V003,24.52,100.5
2025-06-01,V003,20.17,82.7
2025-06-02,V003,6.94,25.7
2025-06-03,V003,18.02,78.5
2025-06-04,V003,10.27,40.5
2025-06-05,V003,37.04,144.2
2025-06-06,V003,24.09,103.2
2025-06-07,V003,40.86,151.8
2025-06-08,V003,34.48,144.6
2025-06-09,V003,44.61,181.5
2025-06-10,V003,22.1,98.4
2025-06-11,V003,24.05,105.5
2025-06-12,V003,47.46,176.1
2025-06-13,V003,40.27,157.8
2025-06-14,V003,38.46,150.6
2025-06-15,V003,32.77,123.2
2025-06-16,V003,15.58,64.4
2025-06-17,V003,28.94,120.4
2025-06-18,V003,18.04,78.6
2025-06-19,V003,45.12,168.0
2025-06-20,V003,32.83,122.5
2025-06-21,V003,18.31,81.6
2025-06-22,V003,48.1,188.5
2025-06-23,V003,29.74,115.1
2025-06-24,V003,28.31,125.9
2025-06-25,V003,49.79,211.6
2025-06-26,V003,34.21,130.7
2025-06-27,V003,50.63,200.2
2025-06-28,V003,26.59,99.7
2025-06-29,V003,34.69,131.5
2025-04-01,V004,38.77,179.2
2025-04-02,V004,40.46,161.6
2025-04-03,V004,33.51,145.9
2025-04-04,V004,29.63,120.7
2025-04-05,V004,40.27,170.3
2025-04-06,V004,20.94,82.2
2025-04-07,V004,20.77,88.2
2025-04-08,V004,42.42,171.5
2025-04-09,V004,37.14,171.1
2025-04-10,V004,37.65,151.4
2025-04-11,V004,44.1,182.3
2025-04-12,V004,14.51,60.0
2025-04-13,V004,7.31,31.1
2025-04-14,V004,22.85,106.9
2025-04-15,V004,17.8,79.3
2025-04-16,V004,25.46,101.8
2025-04-17,V004,25.33,99.3
2025-04-18,V004,47.95,199.9
2025-04-19,V004,33.74,159.3
2025-04-20,V004,27.04,118.1
2025-04-21,V004,16.36,65.9
2025-04-22,V004,33.45,135.9
2025-04-23,V004,46.25,184.4
2025-04-24,V004,26.64,107.9
2025-04-25,V004,21.06,97.5
2025-04-26,V004,24.94,104.5
2025-04-27,V004,42.1,181.9
2025-04-28,V004,38.85,165.5
2025-04-29,V004,19.77,91.8
2025-04-30,V004,38.69,181.6
2025-05-01,V004,27.89,130.6
2025-05-02,V004,37.97,150.2
2025-05-03,V004,28.67,135.9
2025-05-04,V004,27.88,120.7
2025-05-05,V004,38.88,157.6
2025-05-06,V004,26.6,106.6
2025-05-07,V004,46.96,219.3
2025-05-08,V004,15.6,69.0
2025-05-09,V004,11.01,52.2
2025-05-10,V004,21.82,100.8
2025-05-11,V004,21.15,98.1
2025-05-12,V004,17.55,74.6
2025-05-13,V004,35.08,146.4
2025-05-14,V004,50.64,204.9
2025-05-15,V004,38.07,153.3
2025-05-16,V004,25.44,118.7
2025-05-17,V004,26.61,118.6
2025-05-18,V004,22.31,91.8
2025-05-19,V004,50.33,206.9
2025-05-20,V004,30.89,139.2
2025-05-21,V004,5.0,23.5
2025-05-22,V004,6.34,27.8
2025-05-23,V004,37.5,149.2
2025-05-24,V004,23.64,108.5
2025-05-25,V004,11.57,47.0
2025-05-26,V004,36.5,147.1
2025-05-27,V004,36.83,149.0
2025-05-28,V004,23.79,107.7
2025-05-29,V004,25.79,119.6
2025-05-30,V004,25.68,118.0
2025-05-31,V004,20.76,91.0
2025-06-01,V004,24.34,109.7
2025-06-02,V004,31.92,133.9
2025-06-03,V004,49.61,232.1
2025-06-04,V004,47.56,210.0
2025-06-05,V004,23.03,107.2
2025-06-06,V004,16.68,74.6
2025-06-07,V004,28.84,128.0
2025-06-08,V004,23.22,103.8
2025-06-09,V004,17.53,82.3
2025-06-10,V004,33.29,138.3
2025-06-11,V004,19.59,84.5
2025-06-12,V004,34.87,138.9
2025-06-13,V004,21.49,92.8
2025-06-14,V004,35.69,164.6
2025-06-15,V004,62.6,247.0
2025-06-16,V004,30.81,135.0
2025-06-17,V004,24.09,97.0
2025-06-18,V004,61.04,240.5
2025-06-19,V004,31.55,145.9
2025-06-20,V004,48.34,202.8
2025-06-21,V004,7.67,34.2
2025-06-22,V004,18.28,75.2
2025-06-23,V004,22.1,104.6
2025-06-24,V004,20.65,81.4
2025-06-25,V004,36.71,145.6
2025-06-26,V004,22.66,95.0
2025-06-27,V004,24.16,109.0
2025-06-28,V004,33.23,134.4
2025-06-29,V004,47.54,223.9
2025-04-01,V005,26.03,121.7
2025-04-02,V005,25.14,118.2
2025-04-03,V005,21.26,118.1
2025-04-04,V005,20.41,103.8
2025-04-05,V005,35.69,182.8
2025-04-06,V005,31.34,147.8
2025-04-07,V005,26.15,132.3
2025-04-08,V005,12.92,69.7
2025-04-09,V005,28.24,135.2
2025-04-10,V005,11.13,53.2
2025-04-11,V005,11.34,58.0
2025-04-12,V005,43.41,209.4
2025-04-13,V005,27.07,149.4
2025-04-14,V005,11.56,60.5
2025-04-15,V005,33.34,160.2
2025-04-16,V005,28.99,146.1
2025-04-17,V005,30.04,156.6
2025-04-18,V005,24.79,117.8
2025-04-19,V005,14.34,76.6
2025-04-20,V005,27.69,148.9
2025-04-21,V005,9.8,45.4
2025-04-22,V005,19.91,93.0
2025-04-23,V005,28.94,152.9
2025-04-24,V005,13.21,71.9
2025-04-25,V005,23.88,114.7
2025-04-26,V005,32.51,153.4
2025-04-27,V005,27.98,155.8
2025-04-28,V005,26.91,126.4
2025-04-29,V005,29.78,137.5
2025-04-30,V005,31.07,144.3
2025-05-01,V005,34.84,186.2
2025-05-02,V005,21.95,103.5
2025-05-03,V005,28.92,132.8
2025-05-04,V005,15.97,82.2
2025-05-05,V005,33.48,170.4
2025-05-06,V005,34.93,175.3
2025-05-07,V005,32.05,165.5
2025-05-08,V005,19.85,108.2
2025-05-09,V005,19.8,100.0
2025-05-10,V005,9.26,50.6
2025-05-11,V005,25.05,124.6
2025-05-12,V005,23.87,132.0
2025-05-13,V005,26.76,139.3
2025-05-14,V005,10.83,54.1
2025-05-15,V005,13.76,74.6
2025-05-16,V005,17.93,87.7
2025-05-17,V005,11.16,61.3
2025-05-18,V005,27.32,141.4
2025-05-19,V005,16.27,79.1
2025-05-20,V005,22.18,120.3
2025-05-21,V005,23.59,128.6
2025-05-22,V005,20.09,108.5
2025-05-23,V005,27.58,152.9
2025-05-24,V005,50.81,253.6
2025-05-25,V005,28.64,142.1
2025-05-26,V005,47.45,226.4
2025-05-27,V005,23.88,110.8
2025-05-28,V005,26.91,135.6
2025-05-29,V005,28.21,149.0
2025-05-30,V005,34.23,168.2
2025-05-31,V005,24.72,130.1
2025-06-01,V005,8.54,43.0
2025-06-02,V005,23.99,120.9
2025-06-03,V005,40.52,199.6
2025-06-04,V005,26.63,147.8
2025-06-05,V005,9.71,46.6
2025-06-06,V005,32.42,162.1
2025-06-07,V005,16.2,85.1
2025-06-08,V005,15.73,85.9
2025-06-09,V005,20.76,97.9
2025-06-10,V005,41.64,208.2
2025-06-11,V005,8.61,40.8
2025-06-12,V005,18.01,100.0
2025-06-13,V005,5.0,20.0
2025-06-14,V005,22.62,114.1
2025-06-15,V005,30.09,164.6
2025-06-16,V005,17.2,89.7
2025-06-17,V005,41.72,194.0
2025-06-18,V005,51.28,236.6
2025-06-19,V005,25.24,122.3
2025-06-20,V005,33.72,187.8
2025-06-21,V005,22.38,104.2
2025-06-22,V005,9.09,47.6
2025-06-23,V005,18.49,101.7
2025-06-24,V005,31.84,166.1
2025-06-25,V005,24.92,115.6
2025-06-26,V005,31.73,149.1
2025-06-27,V005,34.36,176.6
2025-06-28,V005,32.71,159.3
2025-06-29,V005,27.47,137.1
2025-04-01,V006,8.36,61.7
2025-04-02,V006,11.86,87.6
2025-04-03,V006,12.54,96.0
2025-04-04,V006,13.27,110.2
2025-04-05,V006,18.63,129.5
2025-04-06,V006,16.74,128.4
2025-04-07,V006,18.61,140.7
2025-04-08,V006,17.79,139.1
2025-04-09,V006,8.9,64.1
2025-04-10,V006,26.59,190.5
2025-04-11,V006,17.27,127.0
2025-04-12,V006,12.86,101.8
2025-04-13,V006,24.63,200.3
2025-04-14,V006,14.21,98.6
2025-04-15,V006,17.25,125.1
2025-04-16,V006,6.51,54.6
2025-04-17,V006,20.87,164.8
2025-04-18,V006,12.92,103.6
2025-04-19,V006,5.0,20.0
2025-04-20,V006,12.13,99.9
2025-04-21,V006,20.21,166.5
2025-04-22,V006,17.8,147.9
2025-04-23,V006,23.12,163.1
2025-04-24,V006,17.83,134.2
2025-04-25,V006,10.24,73.9
2025-04-26,V006,19.16,133.1
2025-04-27,V006,8.79,66.8
2025-04-28,V006,19.58,136.4
2025-04-29,V006,11.47,86.2
2025-04-30,V006,14.02,116.4
2025-05-01,V006,7.63,62.2
2025-05-02,V006,13.05,108.7
2025-05-03,V006,12.23,88.9
2025-05-04,V006,29.87,221.9
2025-05-05,V006,18.82,153.2
2025-05-06,V006,11.27,91.7
2025-05-07,V006,8.77,60.9
2025-05-08,V006,12.0,88.4
2025-05-09,V006,15.27,125.6
2025-05-10,V006,11.67,89.2
2025-05-11,V006,13.21,94.7
2025-05-12,V006,19.97,156.1
2025-05-13,V006,17.05,130.1
2025-05-14,V006,21.27,153.2
2025-05-15,V006,17.78,124.4
2025-05-16,V006,13.17,106.0
2025-05-17,V006,14.21,104.5
2025-05-18,V006,22.67,185.1
2025-05-19,V006,16.38,117.4
2025-05-20,V006,16.65,122.7
2025-05-21,V006,17.39,140.8
2025-05-22,V006,6.2,49.0
2025-05-23,V006,23.44,193.3
2025-05-24,V006,19.25,162.1
2025-05-25,V006,9.04,71.2
2025-05-26,V006,7.89,63.5
2025-05-27,V006,17.92,126.7
2025-05-28,V006,17.35,140.0
2025-05-29,V006,22.59,162.6
2025-05-30,V006,13.53,106.8
2025-05-31,V006,8.47,66.3
2025-06-01,V006,20.96,168.2
2025-06-02,V006,23.96,182.8
2025-06-03,V006,21.44,159.7
2025-06-04,V006,17.64,133.5
2025-06-05,V006,26.21,190.5
2025-06-06,V006,18.67,134.2
2025-06-07,V006,5.91,43.4
2025-06-08,V006,10.8,82.8
2025-06-09,V006,14.29,112.2
2025-06-10,V006,13.46,109.3
2025-06-11,V006,7.88,66.5
2025-06-12,V006,16.39,121.8
2025-06-13,V006,10.61,80.0
2025-06-14,V006,24.03,173.2
2025-06-15,V006,19.03,133.3
2025-06-16,V006,12.93,105.4
2025-06-17,V006,20.76,165.9
2025-06-18,V006,25.11,175.8
2025-06-19,V006,15.8,119.3
2025-06-20,V006,13.99,115.6
2025-06-21,V006,7.81,55.0
2025-06-22,V006,9.23,73.7
2025-06-23,V006,13.77,105.9
2025-06-24,V006,15.39,116.9
2025-06-25,V006,17.97,148.2
2025-06-26,V006,22.93,171.3
2025-06-27,V006,16.68,139.0
2025-06-28,V006,13.62,103.8
2025-06-29,V006,31.79,228.9
2025-04-01,V007,36.43,169.4
2025-04-02,V007,14.49,66.5
2025-04-03,V007,38.05,182.0
2025-04-04,V007,36.51,179.5
2025-04-05,V007,41.2,188.5
2025-04-06,V007,25.04,126.3
2025-04-07,V007,32.7,152.4
2025-04-08,V007,23.35,118.0
2025-04-09,V007,22.23,103.4
2025-04-10,V007,31.97,164.0
2025-04-11,V007,14.52,68.0
2025-04-12,V007,19.52,89.5
2025-04-13,V007,24.34,124.6
2025-04-14,V007,5.0,20.0
2025-04-15,V007,20.66,92.6
2025-04-16,V007,33.93,166.0
2025-04-17,V007,28.47,133.7
2025-04-18,V007,18.54,99.7
2025-04-19,V007,24.51,131.1
2025-04-20,V007,22.87,119.6
2025-04-21,V007,22.25,111.3
2025-04-22,V007,32.19,150.3
2025-04-23,V007,13.77,67.2
2025-04-24,V007,15.41,75.3
2025-04-25,V007,18.78,90.3
2025-04-26,V007,9.67,44.5
2025-04-27,V007,15.23,81.4
2025-04-28,V007,18.01,88.7
2025-04-29,V007,10.78,50.8
2025-04-30,V007,20.99,110.0
2025-05-01,V007,21.92,117.9
2025-05-02,V007,16.5,88.5
2025-05-03,V007,7.34,39.1
2025-05-04,V007,23.61,118.2
2025-05-05,V007,19.62,90.0
2025-05-06,V007,37.67,183.9
2025-05-07,V007,24.93,113.8
2025-05-08,V007,26.42,124.3
2025-05-09,V007,37.08,167.5
2025-05-10,V007,27.19,129.8
2025-05-11,V007,16.94,88.6
2025-05-12,V007,30.94,167.6
2025-05-13,V007,33.01,162.7
2025-05-14,V007,19.13,92.5
2025-05-15,V007,32.16,159.4
2025-05-16,V007,18.87,88.1
2025-05-17,V007,22.51,110.1
2025-05-18,V007,20.46,94.3
2025-05-19,V007,22.92,114.3
2025-05-20,V007,18.28,91.1
2025-05-21,V007,5.0,20.0
2025-05-22,V007,20.61,93.6
2025-05-23,V007,38.38,190.9
2025-05-24,V007,19.9,99.7
2025-05-25,V007,17.08,91.5
2025-05-26,V007,29.96,163.0
2025-05-27,V007,32.2,148.0
2025-05-28,V007,19.82,104.2
2025-05-29,V007,34.52,154.7
2025-05-30,V007,17.75,89.3
2025-05-31,V007,36.61,193.4
2025-06-01,V007,32.98,152.0
2025-06-02,V007,20.47,102.0
2025-06-03,V007,29.67,135.6
2025-06-04,V007,28.32,149.9
2025-06-05,V007,23.32,108.0
2025-06-06,V007,27.73,129.4
2025-06-07,V007,21.0,106.8
2025-06-08,V007,11.83,58.6
2025-06-09,V007,19.88,94.3
2025-06-10,V007,16.63,86.4
2025-06-11,V007,44.03,204.3
2025-06-12,V007,23.12,123.1
2025-06-13,V007,23.51,114.7
2025-06-14,V007,24.7,128.7
2025-06-15,V007,7.78,41.8
2025-06-16,V007,31.44,162.5
2025-06-17,V007,25.29,119.0
2025-06-18,V007,22.59,105.7
2025-06-19,V007,15.78,81.1
2025-06-20,V007,33.49,155.1
2025-06-21,V007,22.85,117.8
2025-06-22,V007,36.63,194.4
2025-06-23,V007,13.54,67.8
2025-06-24,V007,25.12,126.8
2025-06-25,V007,28.5,128.5
2025-06-26,V007,12.65,66.2
2025-06-27,V007,31.32,146.6
2025-06-28,V007,32.9,169.9
2025-06-29,V007,35.89,176.2
2025-04-01,V008,21.55,184.6
2025-04-02,V008,5.0,20.0
2025-04-03,V008,15.02,122.0
2025-04-04,V008,8.99,71.4
2025-04-05,V008,10.39,85.5
2025-04-06,V008,18.21,149.2
2025-04-07,V008,8.94,73.5
2025-04-08,V008,9.63,83.1
2025-04-09,V008,14.78,110.1
2025-04-10,V008,12.39,90.0
2025-04-11,V008,11.69,99.9
2025-04-12,V008,17.4,144.6
2025-04-13,V008,15.32,122.1
2025-04-14,V008,19.32,149.2
2025-04-15,V008,12.34,103.0
2025-04-16,V008,11.76,101.7
2025-04-17,V008,12.89,93.7
2025-04-18,V008,11.1,82.6
2025-04-19,V008,9.37,76.9
2025-04-20,V008,15.73,116.3
2025-04-21,V008,28.86,219.3
2025-04-22,V008,5.33,41.2
2025-04-23,V008,17.97,144.5
2025-04-24,V008,10.03,80.7
2025-04-25,V008,20.3,152.4
2025-04-26,V008,16.16,122.3
2025-04-27,V008,20.89,152.2
2025-04-28,V008,14.89,117.8
2025-04-29,V008,10.19,84.3
2025-04-30,V008,21.23,156.6
2025-05-01,V008,18.73,148.7
2025-05-02,V008,17.18,138.4
2025-05-03,V008,25.24,196.6
2025-05-04,V008,17.93,156.3
2025-05-05,V008,15.07,115.0
2025-05-06,V008,8.51,72.3
2025-05-07,V008,10.5,81.0
2025-05-08,V008,9.09,74.5
2025-05-09,V008,18.22,131.7
2025-05-10,V008,19.73,147.4
2025-05-11,V008,17.75,136.9
2025-05-12,V008,17.14,137.2
2025-05-13,V008,21.67,168.0
2025-05-14,V008,17.53,142.5
2025-05-15,V008,21.09,160.2
2025-05-16,V008,17.78,146.4
2025-05-17,V008,18.38,156.5
2025-05-18,V008,18.23,157.5
2025-05-19,V008,13.81,119.9
2025-05-20,V008,22.22,175.0
2025-05-21,V008,12.66,110.1
2025-05-22,V008,10.49,84.7
2025-05-23,V008,19.5,146.5
2025-05-24,V008,16.55,121.7
2025-05-25,V008,13.35,100.2
2025-05-26,V008,21.65,156.6
2025-05-27,V008,24.76,186.2
2025-05-28,V008,22.39,193.1
2025-05-29,V008,6.12,52.7
2025-05-30,V008,5.0,39.9
2025-05-31,V008,17.79,132.2
2025-06-01,V008,14.19,118.1
2025-06-02,V008,11.37,87.9
2025-06-03,V008,13.88,105.2
2025-06-04,V008,13.63,105.9
2025-06-05,V008,15.07,128.7
2025-06-06,V008,27.68,219.5
2025-06-07,V008,24.94,189.4
2025-06-08,V008,17.23,148.4
2025-06-09,V008,16.57,135.0
2025-06-10,V008,25.92,218.4
2025-06-11,V008,5.0,20.0
2025-06-12,V008,15.78,121.6
2025-06-13,V008,5.0,30.2
2025-06-14,V008,6.02,51.5
2025-06-15,V008,13.34,111.0
2025-06-16,V008,11.41,88.2
2025-06-17,V008,19.67,166.6
2025-06-18,V008,18.99,148.6
2025-06-19,V008,11.69,99.1
2025-06-20,V008,5.0,38.5
2025-06-21,V008,15.52,129.0
2025-06-22,V008,12.15,91.2
2025-06-23,V008,5.1,41.6
2025-06-24,V008,17.51,129.2
2025-06-25,V008,14.4,106.2
2025-06-26,V008,10.95,86.2
2025-06-27,V008,16.64,137.7
2025-06-28,V008,15.43,112.4
2025-06-29,V008,5.0,35.7
2025-04-01,V009,36.43,159.8
2025-04-02,V009,42.67,207.1
2025-04-03,V009,7.52,35.0
2025-04-04,V009,33.18,156.9
2025-04-05,V009,22.78,100.7
2025-04-06,V009,21.61,108.6
2025-04-07,V009,20.46,86.8
2025-04-08,V009,22.76,104.4
2025-04-09,V009,22.38,94.6
2025-04-10,V009,21.27,95.7
2025-04-11,V009,26.78,119.6
2025-04-12,V009,28.59,143.0
2025-04-13,V009,43.95,198.3
2025-04-14,V009,25.35,113.7
2025-04-15,V009,14.7,69.1
2025-04-16,V009,28.36,124.5
2025-04-17,V009,38.24,168.6
2025-04-18,V009,17.86,83.3
2025-04-19,V009,43.19,200.6
2025-04-20,V009,32.63,150.8
2025-04-21,V009,28.52,133.8
2025-04-22,V009,32.1,147.6
2025-04-23,V009,35.72,159.9
2025-04-24,V009,35.43,152.0
2025-04-25,V009,29.45,126.8
2025-04-26,V009,32.28,140.7
2025-04-27,V009,37.09,172.1
2025-04-28,V009,31.03,152.2
2025-04-29,V009,17.7,82.4
2025-04-30,V009,24.16,112.0
2025-05-01,V009,16.52,72.3
2025-05-02,V009,18.33,77.9
2025-05-03,V009,29.88,140.1
2025-05-04,V009,25.6,127.7
2025-05-05,V009,27.79,121.5
2025-05-06,V009,14.65,72.4
2025-05-07,V009,19.44,83.4
2025-05-08,V009,22.57,108.8
2025-05-09,V009,18.03,90.5
2025-05-10,V009,31.22,157.9
2025-05-11,V009,17.71,77.3
2025-05-12,V009,24.52,105.9
2025-05-13,V009,27.31,136.0
2025-05-14,V009,27.43,118.9
2025-05-15,V009,39.23,177.7
2025-05-16,V009,28.44,139.7
2025-05-17,V009,34.75,170.2
2025-05-18,V009,22.62,105.7
2025-05-19,V009,26.3,125.8
2025-05-20,V009,30.35,151.9
2025-05-21,V009,39.92,192.6
2025-05-22,V009,15.56,67.1
2025-05-23,V009,17.86,78.3
2025-05-24,V009,33.35,154.8
2025-05-25,V009,16.7,72.6
2025-05-26,V009,8.68,38.3
2025-05-27,V009,36.71,166.5
2025-05-28,V009,32.57,143.0
2025-05-29,V009,23.63,116.1
2025-05-30,V009,13.82,59.6
2025-05-31,V009,22.49,98.2
2025-06-01,V009,33.51,159.3
2025-06-02,V009,30.48,148.7
2025-06-03,V009,35.3,162.7
2025-06-04,V009,29.45,141.9
2025-06-05,V009,8.41,42.9
2025-06-06,V009,32.6,145.2
2025-06-07,V009,20.12,87.2
2025-06-08,V009,42.8,184.2
2025-06-09,V009,26.1,130.5
2025-06-10,V009,21.03,98.4
2025-06-11,V009,27.44,119.7
2025-06-12,V009,21.72,99.8
2025-06-13,V009,25.86,118.8
2025-06-14,V009,18.43,79.0
2025-06-15,V009,30.54,130.4
2025-06-16,V009,40.53,188.0
2025-06-17,V009,17.37,73.8
2025-06-18,V009,30.23,132.4
2025-06-19,V009,21.61,103.3
2025-06-20,V009,22.56,95.0
2025-06-21,V009,21.29,104.1
2025-06-22,V009,36.46,186.5
2025-06-23,V009,18.39,85.9
2025-06-24,V009,30.87,141.7
2025-06-25,V009,33.85,146.5
2025-06-26,V009,22.31,96.7
2025-06-27,V009,21.05,97.3
2025-06-28,V009,15.4,72.1
2025-06-29,V009,5.0,22.1
2025-04-01,V010,25.02,155.2
2025-04-02,V010,12.41,85.2
2025-04-03,V010,32.39,210.1
2025-04-04,V010,11.56,70.8
2025-04-05,V010,22.45,141.5
2025-04-06,V010,24.15,166.3
2025-04-07,V010,13.26,78.5
2025-04-08,V010,10.21,70.8
2025-04-09,V010,15.91,109.8
2025-04-10,V010,18.46,114.7
2025-04-11,V010,16.96,101.3
2025-04-12,V010,19.67,129.1
2025-04-13,V010,29.14,176.6
2025-04-14,V010,34.33,213.1
2025-04-15,V010,17.86,110.6
2025-04-16,V010,20.49,143.4
2025-04-17,V010,17.83,107.1
2025-04-18,V010,19.37,127.5
2025-04-19,V010,32.88,197.1
2025-04-20,V010,21.77,129.7
2025-04-21,V010,27.6,184.1
2025-04-22,V010,20.33,141.9
2025-04-23,V010,17.39,117.3
2025-04-24,V010,22.91,136.9
2025-04-25,V010,21.25,146.6
2025-04-26,V010,21.15,147.2
2025-04-27,V010,26.6,164.7
2025-04-28,V010,34.69,211.4
2025-04-29,V010,8.19,49.3
2025-04-30,V010,17.52,105.7
2025-05-01,V010,26.28,170.7
2025-05-02,V010,11.24,69.1
2025-05-03,V010,17.05,101.9
2025-05-04,V010,17.51,121.0
2025-05-05,V010,16.71,114.8
2025-05-06,V010,15.74,102.5
2025-05-07,V010,21.16,133.5
2025-05-08,V010,31.07,186.9
2025-05-09,V010,13.1,85.0
2025-05-10,V010,22.04,131.0
2025-05-11,V010,18.58,113.5
2025-05-12,V010,19.31,138.2
2025-05-13,V010,12.55,81.2
2025-05-14,V010,20.09,129.3
2025-05-15,V010,26.31,181.4
2025-05-16,V010,21.37,148.7
2025-05-17,V010,15.41,98.0
2025-05-18,V010,21.03,135.6
2025-05-19,V010,14.77,87.5
2025-05-20,V010,8.26,50.7
2025-05-21,V010,27.53,164.3
2025-05-22,V010,13.01,83.6
2025-05-23,V010,5.0,29.4
2025-05-24,V010,15.99,95.3
2025-05-25,V010,17.07,109.3
2025-05-26,V010,17.96,123.0
2025-05-27,V010,15.33,100.8
2025-05-28,V010,11.66,80.3
2025-05-29,V010,10.81,75.0
2025-05-30,V010,16.0,109.6
2025-05-31,V010,23.38,138.8
2025-06-01,V010,12.14,84.4
2025-06-02,V010,18.1,116.7
2025-06-03,V010,26.14,183.2
2025-06-04,V010,21.66,128.6
2025-06-05,V010,29.16,190.1
2025-06-06,V010,14.42,93.8
2025-06-07,V010,24.65,176.2
2025-06-08,V010,26.84,168.4
2025-06-09,V010,32.9,198.5
2025-06-10,V010,11.55,73.0
2025-06-11,V010,23.31,150.8
2025-06-12,V010,29.81,182.8
2025-06-13,V010,15.34,108.9
2025-06-14,V010,25.46,160.6
2025-06-15,V010,33.75,227.6
2025-06-16,V010,13.85,85.1
2025-06-17,V010,24.32,159.9
2025-06-18,V010,30.59,194.9
2025-06-19,V010,24.32,145.4
2025-06-20,V010,10.58,71.5
2025-06-21,V010,6.41,45.3
2025-06-22,V010,19.34,119.6
2025-06-23,V010,8.52,57.3
2025-06-24,V010,5.0,20.0
2025-06-25,V010,14.47,88.4
2025-06-26,V010,20.47,137.0
2025-06-27,V010,18.4,127.3
2025-06-28,V010,7.34,44.2
2025-06-29,V010,14.67,100.7
2025-04-01,V011,24.14,169.5
2025-04-02,V011,12.16,83.7
2025-04-03,V011,11.05,76.5
2025-04-04,V011,35.35,243.9
2025-04-05,V011,19.43,143.8
2025-04-06,V011,5.15,40.2
2025-04-07,V011,19.2,129.8
2025-04-08,V011,20.5,142.6
2025-04-09,V011,15.22,102.3
2025-04-10,V011,5.0,20.0
2025-04-11,V011,12.24,87.8
2025-04-12,V011,22.25,163.0
2025-04-13,V011,15.63,108.7
2025-04-14,V011,20.04,161.9
2025-04-15,V011,12.08,93.7
2025-04-16,V011,20.99,145.0
2025-04-17,V011,26.16,178.7
2025-04-18,V011,8.18,60.6
2025-04-19,V011,21.88,167.6
2025-04-20,V011,20.96,142.5
2025-04-21,V011,13.79,108.7
2025-04-22,V011,26.39,177.4
2025-04-23,V011,16.11,122.8
2025-04-24,V011,27.44,185.7
2025-04-25,V011,11.35,87.7
2025-04-26,V011,17.92,130.8
2025-04-27,V011,26.0,179.1
2025-04-28,V011,7.77,59.2
2025-04-29,V011,15.34,118.9
2025-04-30,V011,17.98,142.0
2025-05-01,V011,17.09,120.7
2025-05-02,V011,12.5,89.4
2025-05-03,V011,25.78,194.9
2025-05-04,V011,9.91,67.4
2025-05-05,V011,12.62,101.2
2025-05-06,V011,16.23,127.3
2025-05-07,V011,20.23,146.7
2025-05-08,V011,20.29,137.9
2025-05-09,V011,17.89,132.7
2025-05-10,V011,12.62,89.6
2025-05-11,V011,15.82,126.9
2025-05-12,V011,19.04,136.7
2025-05-13,V011,12.03,83.2
2025-05-14,V011,19.66,154.8
2025-05-15,V011,12.08,83.9
2025-05-16,V011,12.07,97.7
2025-05-17,V011,12.04,82.9
2025-05-18,V011,14.55,115.2
2025-05-19,V011,19.92,149.7
2025-05-20,V011,11.92,91.3
2025-05-21,V011,11.8,95.3
2025-05-22,V011,14.02,110.0
2025-05-23,V011,15.61,105.9
2025-05-24,V011,19.23,132.0
2025-05-25,V011,10.32,78.7
2025-05-26,V011,17.36,127.0
2025-05-27,V011,21.03,151.1
2025-05-28,V011,13.02,90.1
2025-05-29,V011,12.67,96.3
2025-05-30,V011,22.91,165.9
2025-05-31,V011,18.8,130.2
2025-06-01,V011,7.37,52.9
2025-06-02,V011,18.11,144.3
2025-06-03,V011,8.42,58.9
2025-06-04,V011,14.37,97.9
2025-06-05,V011,17.13,125.9
2025-06-06,V011,19.21,149.3
2025-06-07,V011,21.46,166.9
2025-06-08,V011,26.16,180.7
2025-06-09,V011,24.45,170.8
2025-06-10,V011,15.09,108.1
2025-06-11,V011,23.07,161.6
2025-06-12,V011,19.78,135.4
2025-06-13,V011,20.32,158.7
2025-06-14,V011,17.64,129.9
2025-06-15,V011,15.47,120.2
2025-06-16,V011,17.49,139.8
2025-06-17,V011,13.68,95.1
2025-06-18,V011,23.53,158.4
2025-06-19,V011,18.63,132.2
2025-06-20,V011,16.65,115.8
2025-06-21,V011,23.44,161.7
2025-06-22,V011,13.84,99.3
2025-06-23,V011,21.29,148.6
2025-06-24,V011,5.0,20.0
2025-06-25,V011,12.31,87.4
2025-06-26,V011,10.69,78.0
2025-06-27,V011,13.46,101.9
2025-06-28,V011,7.34,54.6
2025-06-29,V011,16.84,135.1
2025-04-01,V012,5.0,20.0
2025-04-02,V012,29.35,159.4
2025-04-03,V012,24.43,142.4
2025-04-04,V012,10.87,63.7
2025-04-05,V012,34.44,187.8
2025-04-06,V012,23.52,123.6
2025-04-07,V012,15.14,82.4
2025-04-08,V012,26.36,162.5
2025-04-09,V012,20.2,123.3
2025-04-10,V012,14.82,87.4
2025-04-11,V012,20.11,115.6
2025-04-12,V012,29.6,163.4
2025-04-13,V012,20.42,115.9
2025-04-14,V012,8.24,51.1
2025-04-15,V012,18.87,115.9
2025-04-16,V012,25.38,133.5
2025-04-17,V012,24.27,130.8
2025-04-18,V012,14.16,75.4
2025-04-19,V012,19.77,113.0
2025-04-20,V012,18.2,100.1
2025-04-21,V012,22.95,123.0
2025-04-22,V012,21.98,124.8
2025-04-23,V012,13.22,70.4
2025-04-24,V012,36.3,195.3
2025-04-25,V012,21.51,133.5
2025-04-26,V012,27.94,160.2
2025-04-27,V012,19.91,106.4
2025-04-28,V012,22.66,118.9
2025-04-29,V012,10.83,62.1
2025-04-30,V012,24.46,133.2
2025-05-01,V012,24.06,140.6
2025-05-02,V012,12.98,74.5
2025-05-03,V012,20.98,115.1
2025-05-04,V012,16.26,97.0
2025-05-05,V012,26.87,163.8
2025-05-06,V012,35.41,205.8
2025-05-07,V012,33.4,203.3
2025-05-08,V012,25.17,149.4
2025-05-09,V012,5.0,24.6
2025-05-10,V012,24.77,130.4
2025-05-11,V012,27.87,148.4
2025-05-12,V012,20.76,116.1
2025-05-13,V012,18.12,104.2
2025-05-14,V012,26.22,148.1
2025-05-15,V012,33.06,189.8
2025-05-16,V012,22.11,127.4
2025-05-17,V012,19.22,106.0
2025-05-18,V012,39.43,218.7
2025-05-19,V012,20.56,111.8
2025-05-20,V012,23.87,132.0
2025-05-21,V012,23.86,136.5
2025-05-22,V012,8.39,48.9
2025-05-23,V012,14.07,86.4
2025-05-24,V012,21.5,115.6
2025-05-25,V012,13.65,73.6
2025-05-26,V012,27.76,143.7
2025-05-27,V012,27.39,154.9
2025-05-28,V012,20.69,117.5
2025-05-29,V012,20.5,124.0
2025-05-30,V012,17.57,106.0
2025-05-31,V012,19.64,106.2
2025-06-01,V012,29.28,175.5
2025-06-02,V012,22.04,118.5
2025-06-03,V012,16.32,93.2
2025-06-04,V012,19.67,105.5
2025-06-05,V012,23.27,124.4
2025-06-06,V012,17.72,104.2
2025-06-07,V012,15.46,95.7
2025-06-08,V012,17.08,91.7
2025-06-09,V012,24.31,130.3
2025-06-10,V012,27.41,150.9
2025-06-11,V012,20.15,104.0
2025-06-12,V012,13.76,78.7
2025-06-13,V012,10.32,63.8
2025-06-14,V012,33.13,171.7
2025-06-15,V012,35.92,207.8
2025-06-16,V012,16.21,86.7
2025-06-17,V012,24.75,131.4
2025-06-18,V012,11.95,73.8
2025-06-19,V012,24.44,129.8
2025-06-20,V012,20.02,106.1
2025-06-21,V012,11.32,64.3
2025-06-22,V012,19.58,107.5
2025-06-23,V012,24.49,152.7
2025-06-24,V012,16.07,88.2
2025-06-25,V012,20.62,118.4
2025-06-26,V012,21.22,118.4
2025-06-27,V012,17.45,98.3
2025-06-28,V012,17.97,110.3
2025-06-29,V012,42.7,229.0
2025-04-01,V013,31.63,164.2
2025-04-02,V013,30.41,158.1
2025-04-03,V013,23.08,113.8
2025-04-04,V013,29.08,137.2
2025-04-05,V013,36.68,171.4
2025-04-06,V013,21.54,105.0
2025-04-07,V013,8.69,42.1
2025-04-08,V013,28.01,123.8
2025-04-09,V013,23.35,110.8
2025-04-10,V013,27.66,118.4
2025-04-11,V013,23.05,114.3
2025-04-12,V013,28.91,141.1
2025-04-13,V013,31.61,139.5
2025-04-14,V013,32.41,157.1
2025-04-15,V013,38.12,171.8
2025-04-16,V013,15.02,71.4
2025-04-17,V013,5.0,20.0
2025-04-18,V013,28.21,130.2
2025-04-19,V013,29.4,148.3
2025-04-20,V013,28.07,137.1
2025-04-21,V013,20.16,93.3
2025-04-22,V013,35.09,167.3
2025-04-23,V013,27.13,126.8
2025-04-24,V013,16.0,69.2
2025-04-25,V013,35.78,161.4
2025-04-26,V013,17.15,88.9
2025-04-27,V013,22.95,114.8
2025-04-28,V013,19.49,93.4
2025-04-29,V013,26.22,117.6
2025-04-30,V013,26.43,129.8
2025-05-01,V013,27.92,128.1
2025-05-02,V013,39.32,188.7
2025-05-03,V013,14.28,65.1
2025-05-04,V013,27.93,131.6
2025-05-05,V013,33.74,169.3
2025-05-06,V013,7.41,34.6
2025-05-07,V013,15.5,76.6
2025-05-08,V013,7.25,31.9
2025-05-09,V013,29.25,125.8
2025-05-10,V013,24.08,125.3
2025-05-11,V013,22.01,102.8
2025-05-12,V013,28.53,133.6
2025-05-13,V013,13.69,65.9
2025-05-14,V013,17.1,77.5
2025-05-15,V013,18.44,91.5
2025-05-16,V013,34.12,149.2
2025-05-17,V013,21.82,97.7
2025-05-18,V013,34.18,160.6
2025-05-19,V013,30.37,134.2
2025-05-20,V013,38.28,174.0
2025-05-21,V013,40.24,198.5
2025-05-22,V013,23.94,115.2
2025-05-23,V013,43.11,216.5
2025-05-24,V013,18.03,93.7
2025-05-25,V013,20.36,98.6
2025-05-26,V013,43.14,207.4
2025-05-27,V013,16.86,78.9
2025-05-28,V013,40.89,193.1
2025-05-29,V013,25.68,110.2
2025-05-30,V013,34.17,163.6
2025-05-31,V013,30.33,146.7
2025-06-01,V013,39.35,190.3
2025-06-02,V013,23.17,113.4
2025-06-03,V013,27.74,126.0
2025-06-04,V013,30.56,132.5
2025-06-05,V013,19.27,91.0
2025-06-06,V013,40.39,196.9
2025-06-07,V013,21.17,91.1
2025-06-08,V013,5.0,20.0
2025-06-09,V013,13.3,68.8
2025-06-10,V013,10.6,54.6
2025-06-11,V013,29.79,150.1
2025-06-12,V013,26.88,133.0
2025-06-13,V013,18.58,84.2
2025-06-14,V013,33.64,150.6
2025-06-15,V013,20.53,95.3
2025-06-16,V013,10.83,51.4
2025-06-17,V013,14.91,71.6
2025-06-18,V013,35.76,159.9
2025-06-19,V013,37.95,163.7
2025-06-20,V013,27.27,131.4
2025-06-21,V013,44.63,204.1
2025-06-22,V013,28.69,123.8
2025-06-23,V013,21.74,96.1
2025-06-24,V013,32.43,164.6
2025-06-25,V013,10.09,48.1
2025-06-26,V013,34.61,167.0
2025-06-27,V013,15.55,72.7
2025-06-28,V013,19.0,84.0
2025-06-29,V013,38.24,194.6
2025-04-01,V014,28.87,169.8
2025-04-02,V014,10.14,62.5
2025-04-03,V014,19.15,115.3
2025-04-04,V014,24.17,139.0
2025-04-05,V014,31.06,180.5
2025-04-06,V014,21.81,123.3
2025-04-07,V014,25.01,131.7
2025-04-08,V014,30.9,162.9
2025-04-09,V014,28.45,173.1
2025-04-10,V014,29.65,159.8
2025-04-11,V014,19.07,111.5
2025-04-12,V014,26.42,153.6
2025-04-13,V014,32.5,175.5
2025-04-14,V014,23.16,132.0
2025-04-15,V014,24.44,152.0
2025-04-16,V014,13.09,82.6
2025-04-17,V014,27.39,153.8
2025-04-18,V014,25.32,146.8
2025-04-19,V014,16.22,86.5
2025-04-20,V014,5.0,23.3
2025-04-21,V014,9.98,55.8
2025-04-22,V014,23.45,137.2
2025-04-23,V014,17.03,106.3
2025-04-24,V014,25.28,148.1
2025-04-25,V014,20.8,118.7
2025-04-26,V014,13.55,85.0
2025-04-27,V014,21.68,133.2
2025-04-28,V014,19.11,115.2
2025-04-29,V014,12.53,78.7
2025-04-30,V014,23.94,129.2
2025-05-01,V014,25.97,137.2
2025-05-02,V014,26.86,156.1
2025-05-03,V014,18.64,111.2
2025-05-04,V014,21.3,114.7
2025-05-05,V014,22.04,117.5
2025-05-06,V014,39.91,211.5
2025-05-07,V014,20.44,125.8
2025-05-08,V014,17.95,96.4
2025-05-09,V014,15.49,81.5
2025-05-10,V014,26.14,139.9
2025-05-11,V014,25.29,144.3
2025-05-12,V014,12.38,68.5
2025-05-13,V014,19.14,109.5
2025-05-14,V014,22.32,128.3
2025-05-15,V014,17.56,95.3
2025-05-16,V014,24.83,129.5
2025-05-17,V014,19.8,120.7
2025-05-18,V014,16.38,85.5
2025-05-19,V014,32.67,188.1
2025-05-20,V014,13.24,79.3
2025-05-21,V014,31.78,167.5
2025-05-22,V014,22.0,118.2
2025-05-23,V014,43.07,232.8
2025-05-24,V014,23.87,133.6
2025-05-25,V014,14.35,88.1
2025-05-26,V014,22.22,124.5
2025-05-27,V014,18.13,109.7
2025-05-28,V014,25.88,143.7
2025-05-29,V014,27.11,158.9
2025-05-30,V014,27.58,143.4
2025-05-31,V014,24.91,141.9
2025-06-01,V014,28.27,165.0
2025-06-02,V014,24.48,152.1
2025-06-03,V014,19.32,105.4
2025-06-04,V014,18.22,99.2
2025-06-05,V014,12.29,71.4
2025-06-06,V014,25.9,138.2
2025-06-07,V014,16.87,98.6
2025-06-08,V014,21.18,114.7
2025-06-09,V014,25.25,143.4
2025-06-10,V014,13.53,83.9
2025-06-11,V014,17.24,100.9
2025-06-12,V014,12.67,77.6
2025-06-13,V014,19.55,120.1
2025-06-14,V014,26.34,137.6
2025-06-15,V014,5.0,24.4
2025-06-16,V014,12.12,71.5
2025-06-17,V014,20.82,123.6
2025-06-18,V014,21.55,118.2
2025-06-19,V014,22.15,129.9
2025-06-20,V014,37.17,227.6
2025-06-21,V014,26.64,152.4
2025-06-22,V014,5.0,20.0
2025-06-23,V014,19.73,113.7
2025-06-24,V014,16.78,97.3
2025-06-25,V014,26.81,142.5
2025-06-26,V014,26.42,157.9
2025-06-27,V014,19.53,113.6
2025-06-28,V014,21.06,124.8
2025-06-29,V014,9.35,51.3
2025-04-01,V015,56.14,180.7
2025-04-02,V015,40.9,129.9
2025-04-03,V015,30.92,104.1
2025-04-04,V015,42.38,135.3
2025-04-05,V015,56.77,173.3
2025-04-06,V015,39.86,140.3
2025-04-07,V015,31.81,107.1
2025-04-08,V015,71.25,241.1
2025-04-09,V015,21.17,73.2
2025-04-10,V015,7.48,24.6
2025-04-11,V015,35.11,114.0
2025-04-12,V015,24.48,80.2
2025-04-13,V015,46.52,143.0
2025-04-14,V015,13.07,42.5
2025-04-15,V015,49.97,153.3
2025-04-16,V015,37.48,111.7
2025-04-17,V015,6.67,20.0
2025-04-18,V015,29.98,107.7
2025-04-19,V015,36.26,123.4
2025-04-20,V015,26.66,93.0
2025-04-21,V015,27.51,91.9
2025-04-22,V015,34.32,105.4
2025-04-23,V015,38.8,123.4
2025-04-24,V015,41.88,130.8
2025-04-25,V015,41.55,125.4
2025-04-26,V015,11.26,37.8
2025-04-27,V015,47.86,143.3
2025-04-28,V015,20.55,72.6
2025-04-29,V015,20.04,61.0
2025-04-30,V015,70.16,216.1
2025-05-01,V015,40.37,136.0
2025-05-02,V015,21.64,70.4
2025-05-03,V015,58.59,175.8
2025-05-04,V015,53.24,164.2
2025-05-05,V015,39.48,137.3
2025-05-06,V015,57.68,176.9
2025-05-07,V015,26.64,88.5
2025-05-08,V015,33.61,117.3
2025-05-09,V015,41.0,143.6
2025-05-10,V015,21.84,73.4
2025-05-11,V015,42.11,141.8
2025-05-12,V015,34.35,114.6
2025-05-13,V015,61.11,182.8
2025-05-14,V015,47.55,163.2
2025-05-15,V015,34.03,105.5
2025-05-16,V015,54.64,163.5
2025-05-17,V015,48.07,150.6
2025-05-18,V015,50.39,153.9
2025-05-19,V015,26.82,86.3
2025-05-20,V015,29.39,95.9
2025-05-21,V015,46.06,148.0
2025-05-22,V015,42.19,125.6
2025-05-23,V015,34.05,103.6
2025-05-24,V015,30.05,95.0
2025-05-25,V015,39.72,133.4
2025-05-26,V015,47.71,148.0
2025-05-27,V015,48.43,173.3
2025-05-28,V015,17.6,63.6
2025-05-29,V015,40.75,122.1
2025-05-30,V015,60.77,191.4
2025-05-31,V015,43.88,158.5
2025-06-01,V015,31.62,100.7
2025-06-02,V015,37.54,125.7
2025-06-03,V015,29.54,91.4
2025-06-04,V015,59.6,182.9
2025-06-05,V015,47.93,145.0
2025-06-06,V015,57.13,187.0
2025-06-07,V015,48.11,156.0
2025-06-08,V015,11.94,40.2
2025-06-09,V015,17.04,54.1
2025-06-10,V015,25.95,93.9
2025-06-11,V015,42.29,133.4
2025-06-12,V015,28.13,86.2
2025-06-13,V015,40.94,127.4
2025-06-14,V015,41.49,134.5
2025-06-15,V015,27.33,91.4
2025-06-16,V015,70.07,212.7
2025-06-17,V015,41.96,141.0
2025-06-18,V015,53.98,180.3
2025-06-19,V015,44.56,136.3
2025-06-20,V015,53.98,180.1
2025-06-21,V015,42.49,152.4
2025-06-22,V015,24.79,77.5
2025-06-23,V015,40.42,127.6
2025-06-24,V015,18.5,63.6
2025-06-25,V015,23.96,84.9
2025-06-26,V015,26.76,80.7
2025-06-27,V015,30.89,108.8
2025-06-28,V015,25.47,82.9
2025-06-29,V015,44.49,152.1
2025-04-01,V016,11.29,124.6
2025-04-02,V016,13.93,145.8
2025-04-03,V016,5.0,46.4
2025-04-04,V016,12.85,145.9
2025-04-05,V016,6.22,64.0
2025-04-06,V016,9.53,105.9
2025-04-07,V016,13.75,141.2
2025-04-08,V016,5.0,49.6
2025-04-09,V016,11.14,117.5
2025-04-10,V016,8.63,99.6
2025-04-11,V016,14.31,163.0
2025-04-12,V016,5.84,68.1
2025-04-13,V016,5.89,66.0
2025-04-14,V016,12.7,144.5
2025-04-15,V016,15.51,180.0
2025-04-16,V016,12.86,147.8
2025-04-17,V016,6.01,70.6
2025-04-18,V016,6.46,70.2
2025-04-19,V016,13.97,148.1
2025-04-20,V016,11.77,116.1
2025-04-21,V016,8.34,93.0
2025-04-22,V016,15.36,153.3
2025-04-23,V016,7.88,92.3
2025-04-24,V016,10.89,120.1
2025-04-25,V016,6.79,71.4
2025-04-26,V016,12.58,142.6
2025-04-27,V016,14.07,152.6
2025-04-28,V016,21.99,236.6
2025-04-29,V016,12.24,132.9
2025-04-30,V016,11.47,116.4
2025-05-01,V016,12.02,119.9
2025-05-02,V016,18.84,210.6
2025-05-03,V016,9.17,91.9
2025-05-04,V016,10.89,112.8
2025-05-05,V016,16.67,189.6
2025-05-06,V016,12.95,141.0
2025-05-07,V016,18.84,195.5
2025-05-08,V016,6.35,70.7
2025-05-09,V016,12.89,141.7
2025-05-10,V016,12.06,142.9
2025-05-11,V016,19.37,227.0
2025-05-12,V016,24.13,242.4
2025-05-13,V016,7.6,89.4
2025-05-14,V016,13.36,155.6
2025-05-15,V016,9.96,118.1
2025-05-16,V016,16.88,182.4
2025-05-17,V016,6.98,79.5
2025-05-18,V016,5.0,50.0
2025-05-19,V016,8.62,101.8
2025-05-20,V016,13.4,152.5
2025-05-21,V016,7.35,73.8
2025-05-22,V016,6.61,68.9
2025-05-23,V016,9.26,97.4
2025-05-24,V016,14.73,165.0
2025-05-25,V016,11.06,109.5
2025-05-26,V016,11.51,115.6
2025-05-27,V016,5.0,44.9
2025-05-28,V016,17.4,178.2
2025-05-29,V016,11.37,127.5
2025-05-30,V016,14.83,147.8
2025-05-31,V016,14.68,163.1
2025-06-01,V016,12.18,125.3
2025-06-02,V016,12.66,142.3
2025-06-03,V016,13.21,136.2
2025-06-04,V016,16.31,192.5
2025-06-05,V016,14.16,167.6
2025-06-06,V016,12.63,123.9
2025-06-07,V016,10.42,123.7
2025-06-08,V016,9.79,102.5
2025-06-09,V016,7.86,80.9
2025-06-10,V016,5.0,37.4
2025-06-11,V016,19.78,204.8
2025-06-12,V016,12.84,136.6
2025-06-13,V016,9.06,95.1
2025-06-14,V016,15.27,178.1
2025-06-15,V016,13.74,146.6
2025-06-16,V016,14.32,164.5
2025-06-17,V016,17.98,177.7
2025-06-18,V016,11.45,119.0
2025-06-19,V016,5.0,46.6
2025-06-20,V016,5.0,20.0
2025-06-21,V016,6.0,69.3
2025-06-22,V016,18.39,194.7
2025-06-23,V016,12.29,135.4
2025-06-24,V016,11.31,119.5
2025-06-25,V016,19.62,199.3
2025-06-26,V016,9.6,96.4
2025-06-27,V016,12.09,133.6
2025-06-28,V016,8.45,94.6
2025-06-29,V016,9.62,95.8
2025-04-01,V017,43.95,143.4
2025-04-02,V017,31.09,101.4
2025-04-03,V017,58.29,226.7
2025-04-04,V017,24.7,90.9
2025-04-05,V017,41.86,149.9
2025-04-06,V017,32.63,106.7
2025-04-07,V017,24.65,94.9
2025-04-08,V017,56.72,202.7
2025-04-09,V017,38.42,132.3
2025-04-10,V017,45.05,166.0
2025-04-11,V017,22.93,86.8
2025-04-12,V017,22.25,76.7
2025-04-13,V017,25.42,98.9
2025-04-14,V017,37.43,131.7
2025-04-15,V017,41.33,154.0
2025-04-16,V017,50.29,182.4
2025-04-17,V017,31.97,105.0
2025-04-18,V017,23.07,84.5
2025-04-19,V017,42.69,167.9
2025-04-20,V017,35.05,132.5
2025-04-21,V017,40.88,160.1
2025-04-22,V017,50.69,176.9
2025-04-23,V017,32.07,104.5
2025-04-24,V017,38.27,128.1
2025-04-25,V017,38.62,152.2
2025-04-26,V017,30.39,107.1
2025-04-27,V017,38.87,144.0
2025-04-28,V017,37.89,132.3
2025-04-29,V017,44.62,164.0
2025-04-30,V017,31.56,122.3
2025-05-01,V017,36.16,121.5
2025-05-02,V017,47.75,169.3
2025-05-03,V017,12.39,46.2
2025-05-04,V017,44.15,154.2
2025-05-05,V017,19.5,76.2
2025-05-06,V017,40.03,138.8
2025-05-07,V017,52.0,203.0
2025-05-08,V017,37.57,140.7
2025-05-09,V017,45.39,162.6
2025-05-10,V017,30.95,107.9
2025-05-11,V017,35.0,124.9
2025-05-12,V017,29.13,112.2
2025-05-13,V017,38.03,136.9
2025-05-14,V017,33.62,119.7
2025-05-15,V017,20.08,79.0
2025-05-16,V017,50.28,180.0
2025-05-17,V017,15.51,60.8
2025-05-18,V017,18.99,65.9
2025-05-19,V017,18.98,64.6
2025-05-20,V017,31.57,110.4
2025-05-21,V017,37.78,122.5
2025-05-22,V017,27.31,90.6
2025-05-23,V017,39.91,138.7
2025-05-24,V017,8.11,31.1
2025-05-25,V017,50.78,182.3
2025-05-26,V017,52.97,180.8
2025-05-27,V017,30.73,116.5
2025-05-28,V017,40.19,140.0
2025-05-29,V017,45.24,149.2
2025-05-30,V017,21.5,83.6
2025-05-31,V017,15.55,51.4
2025-06-01,V017,19.51,66.0
2025-06-02,V017,36.48,120.9
2025-06-03,V017,49.07,166.6
2025-06-04,V017,23.05,74.8
2025-06-05,V017,18.28,68.2
2025-06-06,V017,51.84,173.8
2025-06-07,V017,38.89,142.1
2025-06-08,V017,38.52,127.0
2025-06-09,V017,41.19,137.5
2025-06-10,V017,35.68,122.7
2025-06-11,V017,13.11,44.9
2025-06-12,V017,22.2,81.3
2025-06-13,V017,17.86,70.1
2025-06-14,V017,23.59,90.9
2025-06-15,V017,44.57,174.7
2025-06-16,V017,25.09,96.5
2025-06-17,V017,48.69,171.6
2025-06-18,V017,41.17,144.5
2025-06-19,V017,29.31,110.8
2025-06-20,V017,30.96,103.7
2025-06-21,V017,49.46,176.4
2025-06-22,V017,30.23,113.4
2025-06-23,V017,12.06,42.0
2025-06-24,V017,15.34,59.0
2025-06-25,V017,31.01,118.5
2025-06-26,V017,36.27,126.2
2025-06-27,V017,21.89,73.8
2025-06-28,V017,25.55,96.0
2025-06-29,V017,34.9,119.3
2025-04-01,V018,11.22,112.7
2025-04-02,V018,16.27,160.7
2025-04-03,V018,12.42,129.2
2025-04-04,V018,14.55,147.7
2025-04-05,V018,16.58,169.1
2025-04-06,V018,18.32,184.9
2025-04-07,V018,8.53,80.9
2025-04-08,V018,8.76,90.3
2025-04-09,V018,12.78,114.8
2025-04-10,V018,11.26,113.2
2025-04-11,V018,13.68,137.7
2025-04-12,V018,14.95,147.7
2025-04-13,V018,16.46,153.0
2025-04-14,V018,12.11,125.4
2025-04-15,V018,15.63,142.6
2025-04-16,V018,20.92,210.0
2025-04-17,V018,15.73,140.4
2025-04-18,V018,19.76,210.6
2025-04-19,V018,11.74,120.3
2025-04-20,V018,15.25,160.8
2025-04-21,V018,16.16,172.2
2025-04-22,V018,18.31,165.1
2025-04-23,V018,17.59,180.1
2025-04-24,V018,6.83,63.6
2025-04-25,V018,13.4,144.8
2025-04-26,V018,20.72,205.4
2025-04-27,V018,10.79,115.0
2025-04-28,V018,7.54,77.9
2025-04-29,V018,13.3,127.5
2025-04-30,V018,14.18,151.2
2025-05-01,V018,11.59,116.9
2025-05-02,V018,7.01,73.5
2025-05-03,V018,12.67,119.5
2025-05-04,V018,15.82,142.7
2025-05-05,V018,11.57,107.6
2025-05-06,V018,9.65,97.5
2025-05-07,V018,10.47,97.2
2025-05-08,V018,18.66,187.4
2025-05-09,V018,13.23,133.2
2025-05-10,V018,7.13,75.3
2025-05-11,V018,12.66,134.3
2025-05-12,V018,12.83,117.8
2025-05-13,V018,16.9,174.2
2025-05-14,V018,19.58,199.5
2025-05-15,V018,12.58,129.9
2025-05-16,V018,11.33,122.1
2025-05-17,V018,9.52,87.4
2025-05-18,V018,10.41,96.0
2025-05-19,V018,13.15,122.4
2025-05-20,V018,14.57,149.8
2025-05-21,V018,15.33,155.3
2025-05-22,V018,22.89,216.5
2025-05-23,V018,9.86,88.1
2025-05-24,V018,7.73,81.4
2025-05-25,V018,18.18,173.8
2025-05-26,V018,10.34,105.4
2025-05-27,V018,18.1,173.4
2025-05-28,V018,14.82,138.6
2025-05-29,V018,13.48,134.5
2025-05-30,V018,13.09,138.4
2025-05-31,V018,9.93,103.6
2025-06-01,V018,5.0,24.5
2025-06-02,V018,9.45,96.3
2025-06-03,V018,12.74,134.9
2025-06-04,V018,12.07,108.7
2025-06-05,V018,10.37,106.7
2025-06-06,V018,11.14,110.7
2025-06-07,V018,13.91,126.6
2025-06-08,V018,12.55,113.2
2025-06-09,V018,12.16,130.8
2025-06-10,V018,18.59,171.8
2025-06-11,V018,9.51,91.7
2025-06-12,V018,10.22,103.2
2025-06-13,V018,13.55,135.5
2025-06-14,V018,12.83,121.9
2025-06-15,V018,9.89,91.1
2025-06-16,V018,10.09,97.3
2025-06-17,V018,8.51,90.4
2025-06-18,V018,12.71,126.2
2025-06-19,V018,10.46,105.4
2025-06-20,V018,5.59,50.4
2025-06-21,V018,12.93,118.2
2025-06-22,V018,11.78,124.6
2025-06-23,V018,10.75,104.3
2025-06-24,V018,5.38,55.5
2025-06-25,V018,20.37,198.8
2025-06-26,V018,15.47,149.6
2025-06-27,V018,5.0,30.1
2025-06-28,V018,20.7,189.3
2025-06-29,V018,11.68,104.3
2025-04-01,V019,21.8,160.4
2025-04-02,V019,19.79,151.4
2025-04-03,V019,23.62,171.3
2025-04-04,V019,25.5,178.5
2025-04-05,V019,22.38,172.3
2025-04-06,V019,17.8,137.6
2025-04-07,V019,14.12,106.3
2025-04-08,V019,16.77,131.0
2025-04-09,V019,11.28,86.6
2025-04-10,V019,19.03,136.6
2025-04-11,V019,19.43,150.2
2025-04-12,V019,18.23,144.2
2025-04-13,V019,17.65,139.3
2025-04-14,V019,11.65,78.4
2025-04-15,V019,11.93,82.8
2025-04-16,V019,17.61,124.1
2025-04-17,V019,17.79,141.2
2025-04-18,V019,15.55,118.5
2025-04-19,V019,10.27,79.9
2025-04-20,V019,11.89,92.6
2025-04-21,V019,25.21,179.9
2025-04-22,V019,29.07,195.4
2025-04-23,V019,20.49,140.6
2025-04-24,V019,20.88,141.8
2025-04-25,V019,20.0,159.3
2025-04-26,V019,11.07,86.2
2025-04-27,V019,14.25,110.8
2025-04-28,V019,18.35,135.5
2025-04-29,V019,21.28,141.3
2025-04-30,V019,14.53,104.1
2025-05-01,V019,5.0,20.0
2025-05-02,V019,13.73,110.2
2025-05-03,V019,23.42,182.4
2025-05-04,V019,20.43,144.5
2025-05-05,V019,12.65,99.1
2025-05-06,V019,18.03,141.1
2025-05-07,V019,16.41,121.2
2025-05-08,V019,20.41,146.5
2025-05-09,V019,20.94,160.8
2025-05-10,V019,16.04,128.1
2025-05-11,V019,16.67,131.1
2025-05-12,V019,25.84,189.2
2025-05-13,V019,15.15,121.7
2025-05-14,V019,25.74,171.0
2025-05-15,V019,15.4,107.3
2025-05-16,V019,22.22,167.8
2025-05-17,V019,7.21,48.7
2025-05-18,V019,17.98,123.9
2025-05-19,V019,14.16,102.6
2025-05-20,V019,13.21,94.0
2025-05-21,V019,19.6,130.8
2025-05-22,V019,24.07,182.2
2025-05-23,V019,24.65,181.7
2025-05-24,V019,20.01,145.3
2025-05-25,V019,14.63,114.3
2025-05-26,V019,17.99,130.8
2025-05-27,V019,23.75,188.1
2025-05-28,V019,23.27,180.8
2025-05-29,V019,10.21,74.3
2025-05-30,V019,13.89,95.1
2025-05-31,V019,21.4,145.8
2025-06-01,V019,21.66,150.5
2025-06-02,V019,10.49,74.0
2025-06-03,V019,25.29,177.8
2025-06-04,V019,9.08,72.5
2025-06-05,V019,17.86,142.3
2025-06-06,V019,20.65,144.2
2025-06-07,V019,23.41,170.6
2025-06-08,V019,18.65,134.3
2025-06-09,V019,25.95,177.7
2025-06-10,V019,12.5,93.4
2025-06-11,V019,11.24,83.9
2025-06-12,V019,9.76,70.0
2025-06-13,V019,22.87,162.3
2025-06-14,V019,6.02,44.7
2025-06-15,V019,24.62,188.3
2025-06-16,V019,14.99,114.6
2025-06-17,V019,20.05,136.8
2025-06-18,V019,18.13,121.7
2025-06-19,V019,15.11,102.9
2025-06-20,V019,26.15,182.5
2025-06-21,V019,17.33,118.2
2025-06-22,V019,23.31,164.0
2025-06-23,V019,24.75,193.9
2025-06-24,V019,24.65,165.2
2025-06-25,V019,28.26,215.7
2025-06-26,V019,15.54,104.9
2025-06-27,V019,14.82,107.6
2025-06-28,V019,9.32,71.5
2025-06-29,V019,21.55,162.4
2025-04-01,V020,15.05,53.3
2025-04-02,V020,50.12,169.4
2025-04-03,V020,40.78,135.5
2025-04-04,V020,34.92,133.4
2025-04-05,V020,42.36,135.6
2025-04-06,V020,38.29,145.4
2025-04-07,V020,33.85,117.6
2025-04-08,V020,14.09,46.2
2025-04-09,V020,29.38,101.0
2025-04-10,V020,40.83,136.0
2025-04-11,V020,38.6,124.2
2025-04-12,V020,40.54,154.5
2025-04-13,V020,26.09,95.1
2025-04-14,V020,29.71,112.1
2025-04-15,V020,15.3,53.4
2025-04-16,V020,31.82,115.5
2025-04-17,V020,48.36,167.1
2025-04-18,V020,20.35,68.9
2025-04-19,V020,13.11,45.9
2025-04-20,V020,37.51,142.5
2025-04-21,V020,9.05,34.2
2025-04-22,V020,39.62,145.7
2025-04-23,V020,28.0,104.8
2025-04-24,V020,37.82,138.3
2025-04-25,V020,57.05,195.7
2025-04-26,V020,28.31,101.7
2025-04-27,V020,38.14,140.9
2025-04-28,V020,56.72,214.2
2025-04-29,V020,38.22,130.9
2025-04-30,V020,16.67,54.6
2025-05-01,V020,47.72,170.4
2025-05-02,V020,33.59,118.8
2025-05-03,V020,23.96,87.0
2025-05-04,V020,35.05,119.4
2025-05-05,V020,47.95,178.7
2025-05-06,V020,27.49,88.0
2025-05-07,V020,42.52,161.4
2025-05-08,V020,15.68,53.4
2025-05-09,V020,42.79,155.5
2025-05-10,V020,15.01,50.6
2025-05-11,V020,28.65,95.8
2025-05-12,V020,26.66,94.0
2025-05-13,V020,32.2,107.5
2025-05-14,V020,57.37,184.5
2025-05-15,V020,33.39,127.7
2025-05-16,V020,32.06,103.4
2025-05-17,V020,27.73,98.3
2025-05-18,V020,39.24,136.3
2025-05-19,V020,44.77,145.7
2025-05-20,V020,10.34,38.2
2025-05-21,V020,37.85,128.8
2025-05-22,V020,21.4,68.7
2025-05-23,V020,66.49,244.2
2025-05-24,V020,15.98,52.6
2025-05-25,V020,36.04,132.1
2025-05-26,V020,34.52,131.5
2025-05-27,V020,43.92,156.8
2025-05-28,V020,41.62,143.2
2025-05-29,V020,24.14,83.8
2025-05-30,V020,50.2,188.4
2025-05-31,V020,69.88,250.3
2025-06-01,V020,27.07,88.5
2025-06-02,V020,36.35,119.2
2025-06-03,V020,18.15,62.7
2025-06-04,V020,30.81,103.5
2025-06-05,V020,31.41,114.6
2025-06-06,V020,42.77,141.0
2025-06-07,V020,48.64,161.8
2025-06-08,V020,14.95,52.3
2025-06-09,V020,9.29,31.1
2025-06-10,V020,41.0,155.5
2025-06-11,V020,41.83,152.3
2025-06-12,V020,42.13,135.6
2025-06-13,V020,5.56,20.0
2025-06-14,V020,36.99,118.5
2025-06-15,V020,25.02,80.6
2025-06-16,V020,24.94,95.9
2025-06-17,V020,35.2,131.5
2025-06-18,V020,27.23,99.5
2025-06-19,V020,20.85,73.1
2025-06-20,V020,6.0,20.0
2025-06-21,V020,38.16,137.5
2025-06-22,V020,38.61,128.0
2025-06-23,V020,28.93,92.8
2025-06-24,V020,55.06,188.8
2025-06-25,V020,18.15,66.1
2025-06-26,V020,48.85,175.8
2025-06-27,V020,41.26,142.0
2025-06-28,V020,31.28,118.2
2025-06-29,V020,10.97,35.3
